file,touch_type,location,source,sample_rate,num_sensors,timestamp
touch_00000.npy,tap,head,simulated,2000,8,
touch_00001.npy,tap,head,simulated,2000,8,
touch_00002.npy,tap,head,simulated,2000,8,
touch_00003.npy,tap,head,simulated,2000,8,
touch_00004.npy,tap,head,simulated,2000,8,
touch_00005.npy,tap,head,simulated,2000,8,
touch_00006.npy,tap,head,simulated,2000,8,
touch_00007.npy,tap,head,simulated,2000,8,
touch_00008.npy,tap,head,simulated,2000,8,
touch_00009.npy,tap,head,simulated,2000,8,
touch_00010.npy,tap,head,simulated,2000,8,
touch_00011.npy,tap,head,simulated,2000,8,
touch_00012.npy,tap,head,simulated,2000,8,
touch_00013.npy,tap,head,simulated,2000,8,
touch_00014.npy,tap,head,simulated,2000,8,
touch_00015.npy,tap,head,simulated,2000,8,
touch_00016.npy,tap,head,simulated,2000,8,
touch_00017.npy,tap,head,simulated,2000,8,
touch_00018.npy,tap,head,simulated,2000,8,
touch_00019.npy,tap,head,simulated,2000,8,
touch_00020.npy,tap,head,simulated,2000,8,
touch_00021.npy,tap,head,simulated,2000,8,
touch_00022.npy,tap,head,simulated,2000,8,
touch_00023.npy,tap,head,simulated,2000,8,
touch_00024.npy,tap,head,simulated,2000,8,
touch_00025.npy,tap,head,simulated,2000,8,
touch_00026.npy,tap,head,simulated,2000,8,
touch_00027.npy,tap,head,simulated,2000,8,
touch_00028.npy,tap,head,simulated,2000,8,
touch_00029.npy,tap,head,simulated,2000,8,
touch_00030.npy,tap,front_left,simulated,2000,8,
touch_00031.npy,tap,front_left,simulated,2000,8,
touch_00032.npy,tap,front_left,simulated,2000,8,
touch_00033.npy,tap,front_left,simulated,2000,8,
touch_00034.npy,tap,front_left,simulated,2000,8,
touch_00035.npy,tap,front_left,simulated,2000,8,
touch_00036.npy,tap,front_left,simulated,2000,8,
touch_00037.npy,tap,front_left,simulated,2000,8,
touch_00038.npy,tap,front_left,simulated,2000,8,
touch_00039.npy,tap,front_left,simulated,2000,8,
touch_00040.npy,tap,front_left,simulated,2000,8,
touch_00041.npy,tap,front_left,simulated,2000,8,
touch_00042.npy,tap,front_left,simulated,2000,8,
touch_00043.npy,tap,front_left,simulated,2000,8,
touch_00044.npy,tap,front_left,simulated,2000,8,
touch_00045.npy,tap,front_left,simulated,2000,8,
touch_00046.npy,tap,front_left,simulated,2000,8,
touch_00047.npy,tap,front_left,simulated,2000,8,
touch_00048.npy,tap,front_left,simulated,2000,8,
touch_00049.npy,tap,front_left,simulated,2000,8,
touch_00050.npy,tap,front_left,simulated,2000,8,
touch_00051.npy,tap,front_left,simulated,2000,8,
touch_00052.npy,tap,front_left,simulated,2000,8,
touch_00053.npy,tap,front_left,simulated,2000,8,
touch_00054.npy,tap,front_left,simulated,2000,8,
touch_00055.npy,tap,front_left,simulated,2000,8,
touch_00056.npy,tap,front_left,simulated,2000,8,
touch_00057.npy,tap,front_left,simulated,2000,8,
touch_00058.npy,tap,front_left,simulated,2000,8,
touch_00059.npy,tap,front_left,simulated,2000,8,
touch_00060.npy,tap,front_right,simulated,2000,8,
touch_00061.npy,tap,front_right,simulated,2000,8,
touch_00062.npy,tap,front_right,simulated,2000,8,
touch_00063.npy,tap,front_right,simulated,2000,8,
touch_00064.npy,tap,front_right,simulated,2000,8,
touch_00065.npy,tap,front_right,simulated,2000,8,
touch_00066.npy,tap,front_right,simulated,2000,8,
touch_00067.npy,tap,front_right,simulated,2000,8,
touch_00068.npy,tap,front_right,simulated,2000,8,
touch_00069.npy,tap,front_right,simulated,2000,8,
touch_00070.npy,tap,front_right,simulated,2000,8,
touch_00071.npy,tap,front_right,simulated,2000,8,
touch_00072.npy,tap,front_right,simulated,2000,8,
touch_00073.npy,tap,front_right,simulated,2000,8,
touch_00074.npy,tap,front_right,simulated,2000,8,
touch_00075.npy,tap,front_right,simulated,2000,8,
touch_00076.npy,tap,front_right,simulated,2000,8,
touch_00077.npy,tap,front_right,simulated,2000,8,
touch_00078.npy,tap,front_right,simulated,2000,8,
touch_00079.npy,tap,front_right,simulated,2000,8,
touch_00080.npy,tap,front_right,simulated,2000,8,
touch_00081.npy,tap,front_right,simulated,2000,8,
touch_00082.npy,tap,front_right,simulated,2000,8,
touch_00083.npy,tap,front_right,simulated,2000,8,
touch_00084.npy,tap,front_right,simulated,2000,8,
touch_00085.npy,tap,front_right,simulated,2000,8,
touch_00086.npy,tap,front_right,simulated,2000,8,
touch_00087.npy,tap,front_right,simulated,2000,8,
touch_00088.npy,tap,front_right,simulated,2000,8,
touch_00089.npy,tap,front_right,simulated,2000,8,
touch_00090.npy,tap,mid_back,simulated,2000,8,
touch_00091.npy,tap,mid_back,simulated,2000,8,
touch_00092.npy,tap,mid_back,simulated,2000,8,
touch_00093.npy,tap,mid_back,simulated,2000,8,
touch_00094.npy,tap,mid_back,simulated,2000,8,
touch_00095.npy,tap,mid_back,simulated,2000,8,
touch_00096.npy,tap,mid_back,simulated,2000,8,
touch_00097.npy,tap,mid_back,simulated,2000,8,
touch_00098.npy,tap,mid_back,simulated,2000,8,
touch_00099.npy,tap,mid_back,simulated,2000,8,
touch_00100.npy,tap,mid_back,simulated,2000,8,
touch_00101.npy,tap,mid_back,simulated,2000,8,
touch_00102.npy,tap,mid_back,simulated,2000,8,
touch_00103.npy,tap,mid_back,simulated,2000,8,
touch_00104.npy,tap,mid_back,simulated,2000,8,
touch_00105.npy,tap,mid_back,simulated,2000,8,
touch_00106.npy,tap,mid_back,simulated,2000,8,
touch_00107.npy,tap,mid_back,simulated,2000,8,
touch_00108.npy,tap,mid_back,simulated,2000,8,
touch_00109.npy,tap,mid_back,simulated,2000,8,
touch_00110.npy,tap,mid_back,simulated,2000,8,
touch_00111.npy,tap,mid_back,simulated,2000,8,
touch_00112.npy,tap,mid_back,simulated,2000,8,
touch_00113.npy,tap,mid_back,simulated,2000,8,
touch_00114.npy,tap,mid_back,simulated,2000,8,
touch_00115.npy,tap,mid_back,simulated,2000,8,
touch_00116.npy,tap,mid_back,simulated,2000,8,
touch_00117.npy,tap,mid_back,simulated,2000,8,
touch_00118.npy,tap,mid_back,simulated,2000,8,
touch_00119.npy,tap,mid_back,simulated,2000,8,
touch_00120.npy,tap,rear,simulated,2000,8,
touch_00121.npy,tap,rear,simulated,2000,8,
touch_00122.npy,tap,rear,simulated,2000,8,
touch_00123.npy,tap,rear,simulated,2000,8,
touch_00124.npy,tap,rear,simulated,2000,8,
touch_00125.npy,tap,rear,simulated,2000,8,
touch_00126.npy,tap,rear,simulated,2000,8,
touch_00127.npy,tap,rear,simulated,2000,8,
touch_00128.npy,tap,rear,simulated,2000,8,
touch_00129.npy,tap,rear,simulated,2000,8,
touch_00130.npy,tap,rear,simulated,2000,8,
touch_00131.npy,tap,rear,simulated,2000,8,
touch_00132.npy,tap,rear,simulated,2000,8,
touch_00133.npy,tap,rear,simulated,2000,8,
touch_00134.npy,tap,rear,simulated,2000,8,
touch_00135.npy,tap,rear,simulated,2000,8,
touch_00136.npy,tap,rear,simulated,2000,8,
touch_00137.npy,tap,rear,simulated,2000,8,
touch_00138.npy,tap,rear,simulated,2000,8,
touch_00139.npy,tap,rear,simulated,2000,8,
touch_00140.npy,tap,rear,simulated,2000,8,
touch_00141.npy,tap,rear,simulated,2000,8,
touch_00142.npy,tap,rear,simulated,2000,8,
touch_00143.npy,tap,rear,simulated,2000,8,
touch_00144.npy,tap,rear,simulated,2000,8,
touch_00145.npy,tap,rear,simulated,2000,8,
touch_00146.npy,tap,rear,simulated,2000,8,
touch_00147.npy,tap,rear,simulated,2000,8,
touch_00148.npy,tap,rear,simulated,2000,8,
touch_00149.npy,tap,rear,simulated,2000,8,
touch_00150.npy,hard_tap,head,simulated,2000,8,
touch_00151.npy,hard_tap,head,simulated,2000,8,
touch_00152.npy,hard_tap,head,simulated,2000,8,
touch_00153.npy,hard_tap,head,simulated,2000,8,
touch_00154.npy,hard_tap,head,simulated,2000,8,
touch_00155.npy,hard_tap,head,simulated,2000,8,
touch_00156.npy,hard_tap,head,simulated,2000,8,
touch_00157.npy,hard_tap,head,simulated,2000,8,
touch_00158.npy,hard_tap,head,simulated,2000,8,
touch_00159.npy,hard_tap,head,simulated,2000,8,
touch_00160.npy,hard_tap,head,simulated,2000,8,
touch_00161.npy,hard_tap,head,simulated,2000,8,
touch_00162.npy,hard_tap,head,simulated,2000,8,
touch_00163.npy,hard_tap,head,simulated,2000,8,
touch_00164.npy,hard_tap,head,simulated,2000,8,
touch_00165.npy,hard_tap,head,simulated,2000,8,
touch_00166.npy,hard_tap,head,simulated,2000,8,
touch_00167.npy,hard_tap,head,simulated,2000,8,
touch_00168.npy,hard_tap,head,simulated,2000,8,
touch_00169.npy,hard_tap,head,simulated,2000,8,
touch_00170.npy,hard_tap,head,simulated,2000,8,
touch_00171.npy,hard_tap,head,simulated,2000,8,
touch_00172.npy,hard_tap,head,simulated,2000,8,
touch_00173.npy,hard_tap,head,simulated,2000,8,
touch_00174.npy,hard_tap,head,simulated,2000,8,
touch_00175.npy,hard_tap,head,simulated,2000,8,
touch_00176.npy,hard_tap,head,simulated,2000,8,
touch_00177.npy,hard_tap,head,simulated,2000,8,
touch_00178.npy,hard_tap,head,simulated,2000,8,
touch_00179.npy,hard_tap,head,simulated,2000,8,
touch_00180.npy,hard_tap,front_left,simulated,2000,8,
touch_00181.npy,hard_tap,front_left,simulated,2000,8,
touch_00182.npy,hard_tap,front_left,simulated,2000,8,
touch_00183.npy,hard_tap,front_left,simulated,2000,8,
touch_00184.npy,hard_tap,front_left,simulated,2000,8,
touch_00185.npy,hard_tap,front_left,simulated,2000,8,
touch_00186.npy,hard_tap,front_left,simulated,2000,8,
touch_00187.npy,hard_tap,front_left,simulated,2000,8,
touch_00188.npy,hard_tap,front_left,simulated,2000,8,
touch_00189.npy,hard_tap,front_left,simulated,2000,8,
touch_00190.npy,hard_tap,front_left,simulated,2000,8,
touch_00191.npy,hard_tap,front_left,simulated,2000,8,
touch_00192.npy,hard_tap,front_left,simulated,2000,8,
touch_00193.npy,hard_tap,front_left,simulated,2000,8,
touch_00194.npy,hard_tap,front_left,simulated,2000,8,
touch_00195.npy,hard_tap,front_left,simulated,2000,8,
touch_00196.npy,hard_tap,front_left,simulated,2000,8,
touch_00197.npy,hard_tap,front_left,simulated,2000,8,
touch_00198.npy,hard_tap,front_left,simulated,2000,8,
touch_00199.npy,hard_tap,front_left,simulated,2000,8,
touch_00200.npy,hard_tap,front_left,simulated,2000,8,
touch_00201.npy,hard_tap,front_left,simulated,2000,8,
touch_00202.npy,hard_tap,front_left,simulated,2000,8,
touch_00203.npy,hard_tap,front_left,simulated,2000,8,
touch_00204.npy,hard_tap,front_left,simulated,2000,8,
touch_00205.npy,hard_tap,front_left,simulated,2000,8,
touch_00206.npy,hard_tap,front_left,simulated,2000,8,
touch_00207.npy,hard_tap,front_left,simulated,2000,8,
touch_00208.npy,hard_tap,front_left,simulated,2000,8,
touch_00209.npy,hard_tap,front_left,simulated,2000,8,
touch_00210.npy,hard_tap,front_right,simulated,2000,8,
touch_00211.npy,hard_tap,front_right,simulated,2000,8,
touch_00212.npy,hard_tap,front_right,simulated,2000,8,
touch_00213.npy,hard_tap,front_right,simulated,2000,8,
touch_00214.npy,hard_tap,front_right,simulated,2000,8,
touch_00215.npy,hard_tap,front_right,simulated,2000,8,
touch_00216.npy,hard_tap,front_right,simulated,2000,8,
touch_00217.npy,hard_tap,front_right,simulated,2000,8,
touch_00218.npy,hard_tap,front_right,simulated,2000,8,
touch_00219.npy,hard_tap,front_right,simulated,2000,8,
touch_00220.npy,hard_tap,front_right,simulated,2000,8,
touch_00221.npy,hard_tap,front_right,simulated,2000,8,
touch_00222.npy,hard_tap,front_right,simulated,2000,8,
touch_00223.npy,hard_tap,front_right,simulated,2000,8,
touch_00224.npy,hard_tap,front_right,simulated,2000,8,
touch_00225.npy,hard_tap,front_right,simulated,2000,8,
touch_00226.npy,hard_tap,front_right,simulated,2000,8,
touch_00227.npy,hard_tap,front_right,simulated,2000,8,
touch_00228.npy,hard_tap,front_right,simulated,2000,8,
touch_00229.npy,hard_tap,front_right,simulated,2000,8,
touch_00230.npy,hard_tap,front_right,simulated,2000,8,
touch_00231.npy,hard_tap,front_right,simulated,2000,8,
touch_00232.npy,hard_tap,front_right,simulated,2000,8,
touch_00233.npy,hard_tap,front_right,simulated,2000,8,
touch_00234.npy,hard_tap,front_right,simulated,2000,8,
touch_00235.npy,hard_tap,front_right,simulated,2000,8,
touch_00236.npy,hard_tap,front_right,simulated,2000,8,
touch_00237.npy,hard_tap,front_right,simulated,2000,8,
touch_00238.npy,hard_tap,front_right,simulated,2000,8,
touch_00239.npy,hard_tap,front_right,simulated,2000,8,
touch_00240.npy,hard_tap,mid_back,simulated,2000,8,
touch_00241.npy,hard_tap,mid_back,simulated,2000,8,
touch_00242.npy,hard_tap,mid_back,simulated,2000,8,
touch_00243.npy,hard_tap,mid_back,simulated,2000,8,
touch_00244.npy,hard_tap,mid_back,simulated,2000,8,
touch_00245.npy,hard_tap,mid_back,simulated,2000,8,
touch_00246.npy,hard_tap,mid_back,simulated,2000,8,
touch_00247.npy,hard_tap,mid_back,simulated,2000,8,
touch_00248.npy,hard_tap,mid_back,simulated,2000,8,
touch_00249.npy,hard_tap,mid_back,simulated,2000,8,
touch_00250.npy,hard_tap,mid_back,simulated,2000,8,
touch_00251.npy,hard_tap,mid_back,simulated,2000,8,
touch_00252.npy,hard_tap,mid_back,simulated,2000,8,
touch_00253.npy,hard_tap,mid_back,simulated,2000,8,
touch_00254.npy,hard_tap,mid_back,simulated,2000,8,
touch_00255.npy,hard_tap,mid_back,simulated,2000,8,
touch_00256.npy,hard_tap,mid_back,simulated,2000,8,
touch_00257.npy,hard_tap,mid_back,simulated,2000,8,
touch_00258.npy,hard_tap,mid_back,simulated,2000,8,
touch_00259.npy,hard_tap,mid_back,simulated,2000,8,
touch_00260.npy,hard_tap,mid_back,simulated,2000,8,
touch_00261.npy,hard_tap,mid_back,simulated,2000,8,
touch_00262.npy,hard_tap,mid_back,simulated,2000,8,
touch_00263.npy,hard_tap,mid_back,simulated,2000,8,
touch_00264.npy,hard_tap,mid_back,simulated,2000,8,
touch_00265.npy,hard_tap,mid_back,simulated,2000,8,
touch_00266.npy,hard_tap,mid_back,simulated,2000,8,
touch_00267.npy,hard_tap,mid_back,simulated,2000,8,
touch_00268.npy,hard_tap,mid_back,simulated,2000,8,
touch_00269.npy,hard_tap,mid_back,simulated,2000,8,
touch_00270.npy,hard_tap,rear,simulated,2000,8,
touch_00271.npy,hard_tap,rear,simulated,2000,8,
touch_00272.npy,hard_tap,rear,simulated,2000,8,
touch_00273.npy,hard_tap,rear,simulated,2000,8,
touch_00274.npy,hard_tap,rear,simulated,2000,8,
touch_00275.npy,hard_tap,rear,simulated,2000,8,
touch_00276.npy,hard_tap,rear,simulated,2000,8,
touch_00277.npy,hard_tap,rear,simulated,2000,8,
touch_00278.npy,hard_tap,rear,simulated,2000,8,
touch_00279.npy,hard_tap,rear,simulated,2000,8,
touch_00280.npy,hard_tap,rear,simulated,2000,8,
touch_00281.npy,hard_tap,rear,simulated,2000,8,
touch_00282.npy,hard_tap,rear,simulated,2000,8,
touch_00283.npy,hard_tap,rear,simulated,2000,8,
touch_00284.npy,hard_tap,rear,simulated,2000,8,
touch_00285.npy,hard_tap,rear,simulated,2000,8,
touch_00286.npy,hard_tap,rear,simulated,2000,8,
touch_00287.npy,hard_tap,rear,simulated,2000,8,
touch_00288.npy,hard_tap,rear,simulated,2000,8,
touch_00289.npy,hard_tap,rear,simulated,2000,8,
touch_00290.npy,hard_tap,rear,simulated,2000,8,
touch_00291.npy,hard_tap,rear,simulated,2000,8,
touch_00292.npy,hard_tap,rear,simulated,2000,8,
touch_00293.npy,hard_tap,rear,simulated,2000,8,
touch_00294.npy,hard_tap,rear,simulated,2000,8,
touch_00295.npy,hard_tap,rear,simulated,2000,8,
touch_00296.npy,hard_tap,rear,simulated,2000,8,
touch_00297.npy,hard_tap,rear,simulated,2000,8,
touch_00298.npy,hard_tap,rear,simulated,2000,8,
touch_00299.npy,hard_tap,rear,simulated,2000,8,
touch_00300.npy,scratch,head,simulated,2000,8,
touch_00301.npy,scratch,head,simulated,2000,8,
touch_00302.npy,scratch,head,simulated,2000,8,
touch_00303.npy,scratch,head,simulated,2000,8,
touch_00304.npy,scratch,head,simulated,2000,8,
touch_00305.npy,scratch,head,simulated,2000,8,
touch_00306.npy,scratch,head,simulated,2000,8,
touch_00307.npy,scratch,head,simulated,2000,8,
touch_00308.npy,scratch,head,simulated,2000,8,
touch_00309.npy,scratch,head,simulated,2000,8,
touch_00310.npy,scratch,head,simulated,2000,8,
touch_00311.npy,scratch,head,simulated,2000,8,
touch_00312.npy,scratch,head,simulated,2000,8,
touch_00313.npy,scratch,head,simulated,2000,8,
touch_00314.npy,scratch,head,simulated,2000,8,
touch_00315.npy,scratch,head,simulated,2000,8,
touch_00316.npy,scratch,head,simulated,2000,8,
touch_00317.npy,scratch,head,simulated,2000,8,
touch_00318.npy,scratch,head,simulated,2000,8,
touch_00319.npy,scratch,head,simulated,2000,8,
touch_00320.npy,scratch,head,simulated,2000,8,
touch_00321.npy,scratch,head,simulated,2000,8,
touch_00322.npy,scratch,head,simulated,2000,8,
touch_00323.npy,scratch,head,simulated,2000,8,
touch_00324.npy,scratch,head,simulated,2000,8,
touch_00325.npy,scratch,head,simulated,2000,8,
touch_00326.npy,scratch,head,simulated,2000,8,
touch_00327.npy,scratch,head,simulated,2000,8,
touch_00328.npy,scratch,head,simulated,2000,8,
touch_00329.npy,scratch,head,simulated,2000,8,
touch_00330.npy,scratch,front_left,simulated,2000,8,
touch_00331.npy,scratch,front_left,simulated,2000,8,
touch_00332.npy,scratch,front_left,simulated,2000,8,
touch_00333.npy,scratch,front_left,simulated,2000,8,
touch_00334.npy,scratch,front_left,simulated,2000,8,
touch_00335.npy,scratch,front_left,simulated,2000,8,
touch_00336.npy,scratch,front_left,simulated,2000,8,
touch_00337.npy,scratch,front_left,simulated,2000,8,
touch_00338.npy,scratch,front_left,simulated,2000,8,
touch_00339.npy,scratch,front_left,simulated,2000,8,
touch_00340.npy,scratch,front_left,simulated,2000,8,
touch_00341.npy,scratch,front_left,simulated,2000,8,
touch_00342.npy,scratch,front_left,simulated,2000,8,
touch_00343.npy,scratch,front_left,simulated,2000,8,
touch_00344.npy,scratch,front_left,simulated,2000,8,
touch_00345.npy,scratch,front_left,simulated,2000,8,
touch_00346.npy,scratch,front_left,simulated,2000,8,
touch_00347.npy,scratch,front_left,simulated,2000,8,
touch_00348.npy,scratch,front_left,simulated,2000,8,
touch_00349.npy,scratch,front_left,simulated,2000,8,
touch_00350.npy,scratch,front_left,simulated,2000,8,
touch_00351.npy,scratch,front_left,simulated,2000,8,
touch_00352.npy,scratch,front_left,simulated,2000,8,
touch_00353.npy,scratch,front_left,simulated,2000,8,
touch_00354.npy,scratch,front_left,simulated,2000,8,
touch_00355.npy,scratch,front_left,simulated,2000,8,
touch_00356.npy,scratch,front_left,simulated,2000,8,
touch_00357.npy,scratch,front_left,simulated,2000,8,
touch_00358.npy,scratch,front_left,simulated,2000,8,
touch_00359.npy,scratch,front_left,simulated,2000,8,
touch_00360.npy,scratch,front_right,simulated,2000,8,
touch_00361.npy,scratch,front_right,simulated,2000,8,
touch_00362.npy,scratch,front_right,simulated,2000,8,
touch_00363.npy,scratch,front_right,simulated,2000,8,
touch_00364.npy,scratch,front_right,simulated,2000,8,
touch_00365.npy,scratch,front_right,simulated,2000,8,
touch_00366.npy,scratch,front_right,simulated,2000,8,
touch_00367.npy,scratch,front_right,simulated,2000,8,
touch_00368.npy,scratch,front_right,simulated,2000,8,
touch_00369.npy,scratch,front_right,simulated,2000,8,
touch_00370.npy,scratch,front_right,simulated,2000,8,
touch_00371.npy,scratch,front_right,simulated,2000,8,
touch_00372.npy,scratch,front_right,simulated,2000,8,
touch_00373.npy,scratch,front_right,simulated,2000,8,
touch_00374.npy,scratch,front_right,simulated,2000,8,
touch_00375.npy,scratch,front_right,simulated,2000,8,
touch_00376.npy,scratch,front_right,simulated,2000,8,
touch_00377.npy,scratch,front_right,simulated,2000,8,
touch_00378.npy,scratch,front_right,simulated,2000,8,
touch_00379.npy,scratch,front_right,simulated,2000,8,
touch_00380.npy,scratch,front_right,simulated,2000,8,
touch_00381.npy,scratch,front_right,simulated,2000,8,
touch_00382.npy,scratch,front_right,simulated,2000,8,
touch_00383.npy,scratch,front_right,simulated,2000,8,
touch_00384.npy,scratch,front_right,simulated,2000,8,
touch_00385.npy,scratch,front_right,simulated,2000,8,
touch_00386.npy,scratch,front_right,simulated,2000,8,
touch_00387.npy,scratch,front_right,simulated,2000,8,
touch_00388.npy,scratch,front_right,simulated,2000,8,
touch_00389.npy,scratch,front_right,simulated,2000,8,
touch_00390.npy,scratch,mid_back,simulated,2000,8,
touch_00391.npy,scratch,mid_back,simulated,2000,8,
touch_00392.npy,scratch,mid_back,simulated,2000,8,
touch_00393.npy,scratch,mid_back,simulated,2000,8,
touch_00394.npy,scratch,mid_back,simulated,2000,8,
touch_00395.npy,scratch,mid_back,simulated,2000,8,
touch_00396.npy,scratch,mid_back,simulated,2000,8,
touch_00397.npy,scratch,mid_back,simulated,2000,8,
touch_00398.npy,scratch,mid_back,simulated,2000,8,
touch_00399.npy,scratch,mid_back,simulated,2000,8,
touch_00400.npy,scratch,mid_back,simulated,2000,8,
touch_00401.npy,scratch,mid_back,simulated,2000,8,
touch_00402.npy,scratch,mid_back,simulated,2000,8,
touch_00403.npy,scratch,mid_back,simulated,2000,8,
touch_00404.npy,scratch,mid_back,simulated,2000,8,
touch_00405.npy,scratch,mid_back,simulated,2000,8,
touch_00406.npy,scratch,mid_back,simulated,2000,8,
touch_00407.npy,scratch,mid_back,simulated,2000,8,
touch_00408.npy,scratch,mid_back,simulated,2000,8,
touch_00409.npy,scratch,mid_back,simulated,2000,8,
touch_00410.npy,scratch,mid_back,simulated,2000,8,
touch_00411.npy,scratch,mid_back,simulated,2000,8,
touch_00412.npy,scratch,mid_back,simulated,2000,8,
touch_00413.npy,scratch,mid_back,simulated,2000,8,
touch_00414.npy,scratch,mid_back,simulated,2000,8,
touch_00415.npy,scratch,mid_back,simulated,2000,8,
touch_00416.npy,scratch,mid_back,simulated,2000,8,
touch_00417.npy,scratch,mid_back,simulated,2000,8,
touch_00418.npy,scratch,mid_back,simulated,2000,8,
touch_00419.npy,scratch,mid_back,simulated,2000,8,
touch_00420.npy,scratch,rear,simulated,2000,8,
touch_00421.npy,scratch,rear,simulated,2000,8,
touch_00422.npy,scratch,rear,simulated,2000,8,
touch_00423.npy,scratch,rear,simulated,2000,8,
touch_00424.npy,scratch,rear,simulated,2000,8,
touch_00425.npy,scratch,rear,simulated,2000,8,
touch_00426.npy,scratch,rear,simulated,2000,8,
touch_00427.npy,scratch,rear,simulated,2000,8,
touch_00428.npy,scratch,rear,simulated,2000,8,
touch_00429.npy,scratch,rear,simulated,2000,8,
touch_00430.npy,scratch,rear,simulated,2000,8,
touch_00431.npy,scratch,rear,simulated,2000,8,
touch_00432.npy,scratch,rear,simulated,2000,8,
touch_00433.npy,scratch,rear,simulated,2000,8,
touch_00434.npy,scratch,rear,simulated,2000,8,
touch_00435.npy,scratch,rear,simulated,2000,8,
touch_00436.npy,scratch,rear,simulated,2000,8,
touch_00437.npy,scratch,rear,simulated,2000,8,
touch_00438.npy,scratch,rear,simulated,2000,8,
touch_00439.npy,scratch,rear,simulated,2000,8,
touch_00440.npy,scratch,rear,simulated,2000,8,
touch_00441.npy,scratch,rear,simulated,2000,8,
touch_00442.npy,scratch,rear,simulated,2000,8,
touch_00443.npy,scratch,rear,simulated,2000,8,
touch_00444.npy,scratch,rear,simulated,2000,8,
touch_00445.npy,scratch,rear,simulated,2000,8,
touch_00446.npy,scratch,rear,simulated,2000,8,
touch_00447.npy,scratch,rear,simulated,2000,8,
touch_00448.npy,scratch,rear,simulated,2000,8,
touch_00449.npy,scratch,rear,simulated,2000,8,
touch_00450.npy,pet,head,simulated,2000,8,
touch_00451.npy,pet,head,simulated,2000,8,
touch_00452.npy,pet,head,simulated,2000,8,
touch_00453.npy,pet,head,simulated,2000,8,
touch_00454.npy,pet,head,simulated,2000,8,
touch_00455.npy,pet,head,simulated,2000,8,
touch_00456.npy,pet,head,simulated,2000,8,
touch_00457.npy,pet,head,simulated,2000,8,
touch_00458.npy,pet,head,simulated,2000,8,
touch_00459.npy,pet,head,simulated,2000,8,
touch_00460.npy,pet,head,simulated,2000,8,
touch_00461.npy,pet,head,simulated,2000,8,
touch_00462.npy,pet,head,simulated,2000,8,
touch_00463.npy,pet,head,simulated,2000,8,
touch_00464.npy,pet,head,simulated,2000,8,
touch_00465.npy,pet,head,simulated,2000,8,
touch_00466.npy,pet,head,simulated,2000,8,
touch_00467.npy,pet,head,simulated,2000,8,
touch_00468.npy,pet,head,simulated,2000,8,
touch_00469.npy,pet,head,simulated,2000,8,
touch_00470.npy,pet,head,simulated,2000,8,
touch_00471.npy,pet,head,simulated,2000,8,
touch_00472.npy,pet,head,simulated,2000,8,
touch_00473.npy,pet,head,simulated,2000,8,
touch_00474.npy,pet,head,simulated,2000,8,
touch_00475.npy,pet,head,simulated,2000,8,
touch_00476.npy,pet,head,simulated,2000,8,
touch_00477.npy,pet,head,simulated,2000,8,
touch_00478.npy,pet,head,simulated,2000,8,
touch_00479.npy,pet,head,simulated,2000,8,
touch_00480.npy,pet,front_left,simulated,2000,8,
touch_00481.npy,pet,front_left,simulated,2000,8,
touch_00482.npy,pet,front_left,simulated,2000,8,
touch_00483.npy,pet,front_left,simulated,2000,8,
touch_00484.npy,pet,front_left,simulated,2000,8,
touch_00485.npy,pet,front_left,simulated,2000,8,
touch_00486.npy,pet,front_left,simulated,2000,8,
touch_00487.npy,pet,front_left,simulated,2000,8,
touch_00488.npy,pet,front_left,simulated,2000,8,
touch_00489.npy,pet,front_left,simulated,2000,8,
touch_00490.npy,pet,front_left,simulated,2000,8,
touch_00491.npy,pet,front_left,simulated,2000,8,
touch_00492.npy,pet,front_left,simulated,2000,8,
touch_00493.npy,pet,front_left,simulated,2000,8,
touch_00494.npy,pet,front_left,simulated,2000,8,
touch_00495.npy,pet,front_left,simulated,2000,8,
touch_00496.npy,pet,front_left,simulated,2000,8,
touch_00497.npy,pet,front_left,simulated,2000,8,
touch_00498.npy,pet,front_left,simulated,2000,8,
touch_00499.npy,pet,front_left,simulated,2000,8,
touch_00500.npy,pet,front_left,simulated,2000,8,
touch_00501.npy,pet,front_left,simulated,2000,8,
touch_00502.npy,pet,front_left,simulated,2000,8,
touch_00503.npy,pet,front_left,simulated,2000,8,
touch_00504.npy,pet,front_left,simulated,2000,8,
touch_00505.npy,pet,front_left,simulated,2000,8,
touch_00506.npy,pet,front_left,simulated,2000,8,
touch_00507.npy,pet,front_left,simulated,2000,8,
touch_00508.npy,pet,front_left,simulated,2000,8,
touch_00509.npy,pet,front_left,simulated,2000,8,
touch_00510.npy,pet,front_right,simulated,2000,8,
touch_00511.npy,pet,front_right,simulated,2000,8,
touch_00512.npy,pet,front_right,simulated,2000,8,
touch_00513.npy,pet,front_right,simulated,2000,8,
touch_00514.npy,pet,front_right,simulated,2000,8,
touch_00515.npy,pet,front_right,simulated,2000,8,
touch_00516.npy,pet,front_right,simulated,2000,8,
touch_00517.npy,pet,front_right,simulated,2000,8,
touch_00518.npy,pet,front_right,simulated,2000,8,
touch_00519.npy,pet,front_right,simulated,2000,8,
touch_00520.npy,pet,front_right,simulated,2000,8,
touch_00521.npy,pet,front_right,simulated,2000,8,
touch_00522.npy,pet,front_right,simulated,2000,8,
touch_00523.npy,pet,front_right,simulated,2000,8,
touch_00524.npy,pet,front_right,simulated,2000,8,
touch_00525.npy,pet,front_right,simulated,2000,8,
touch_00526.npy,pet,front_right,simulated,2000,8,
touch_00527.npy,pet,front_right,simulated,2000,8,
touch_00528.npy,pet,front_right,simulated,2000,8,
touch_00529.npy,pet,front_right,simulated,2000,8,
touch_00530.npy,pet,front_right,simulated,2000,8,
touch_00531.npy,pet,front_right,simulated,2000,8,
touch_00532.npy,pet,front_right,simulated,2000,8,
touch_00533.npy,pet,front_right,simulated,2000,8,
touch_00534.npy,pet,front_right,simulated,2000,8,
touch_00535.npy,pet,front_right,simulated,2000,8,
touch_00536.npy,pet,front_right,simulated,2000,8,
touch_00537.npy,pet,front_right,simulated,2000,8,
touch_00538.npy,pet,front_right,simulated,2000,8,
touch_00539.npy,pet,front_right,simulated,2000,8,
touch_00540.npy,pet,mid_back,simulated,2000,8,
touch_00541.npy,pet,mid_back,simulated,2000,8,
touch_00542.npy,pet,mid_back,simulated,2000,8,
touch_00543.npy,pet,mid_back,simulated,2000,8,
touch_00544.npy,pet,mid_back,simulated,2000,8,
touch_00545.npy,pet,mid_back,simulated,2000,8,
touch_00546.npy,pet,mid_back,simulated,2000,8,
touch_00547.npy,pet,mid_back,simulated,2000,8,
touch_00548.npy,pet,mid_back,simulated,2000,8,
touch_00549.npy,pet,mid_back,simulated,2000,8,
touch_00550.npy,pet,mid_back,simulated,2000,8,
touch_00551.npy,pet,mid_back,simulated,2000,8,
touch_00552.npy,pet,mid_back,simulated,2000,8,
touch_00553.npy,pet,mid_back,simulated,2000,8,
touch_00554.npy,pet,mid_back,simulated,2000,8,
touch_00555.npy,pet,mid_back,simulated,2000,8,
touch_00556.npy,pet,mid_back,simulated,2000,8,
touch_00557.npy,pet,mid_back,simulated,2000,8,
touch_00558.npy,pet,mid_back,simulated,2000,8,
touch_00559.npy,pet,mid_back,simulated,2000,8,
touch_00560.npy,pet,mid_back,simulated,2000,8,
touch_00561.npy,pet,mid_back,simulated,2000,8,
touch_00562.npy,pet,mid_back,simulated,2000,8,
touch_00563.npy,pet,mid_back,simulated,2000,8,
touch_00564.npy,pet,mid_back,simulated,2000,8,
touch_00565.npy,pet,mid_back,simulated,2000,8,
touch_00566.npy,pet,mid_back,simulated,2000,8,
touch_00567.npy,pet,mid_back,simulated,2000,8,
touch_00568.npy,pet,mid_back,simulated,2000,8,
touch_00569.npy,pet,mid_back,simulated,2000,8,
touch_00570.npy,pet,rear,simulated,2000,8,
touch_00571.npy,pet,rear,simulated,2000,8,
touch_00572.npy,pet,rear,simulated,2000,8,
touch_00573.npy,pet,rear,simulated,2000,8,
touch_00574.npy,pet,rear,simulated,2000,8,
touch_00575.npy,pet,rear,simulated,2000,8,
touch_00576.npy,pet,rear,simulated,2000,8,
touch_00577.npy,pet,rear,simulated,2000,8,
touch_00578.npy,pet,rear,simulated,2000,8,
touch_00579.npy,pet,rear,simulated,2000,8,
touch_00580.npy,pet,rear,simulated,2000,8,
touch_00581.npy,pet,rear,simulated,2000,8,
touch_00582.npy,pet,rear,simulated,2000,8,
touch_00583.npy,pet,rear,simulated,2000,8,
touch_00584.npy,pet,rear,simulated,2000,8,
touch_00585.npy,pet,rear,simulated,2000,8,
touch_00586.npy,pet,rear,simulated,2000,8,
touch_00587.npy,pet,rear,simulated,2000,8,
touch_00588.npy,pet,rear,simulated,2000,8,
touch_00589.npy,pet,rear,simulated,2000,8,
touch_00590.npy,pet,rear,simulated,2000,8,
touch_00591.npy,pet,rear,simulated,2000,8,
touch_00592.npy,pet,rear,simulated,2000,8,
touch_00593.npy,pet,rear,simulated,2000,8,
touch_00594.npy,pet,rear,simulated,2000,8,
touch_00595.npy,pet,rear,simulated,2000,8,
touch_00596.npy,pet,rear,simulated,2000,8,
touch_00597.npy,pet,rear,simulated,2000,8,
touch_00598.npy,pet,rear,simulated,2000,8,
touch_00599.npy,pet,rear,simulated,2000,8,
real_00600.npy,tap,sensor1_side,real,1000,2,2026-09-20T00:06:26.809265+00:00
real_00601.npy,tap,sensor1_side,real,1000,2,2026-09-20T00:06:27.950399+00:00
real_00602.npy,tap,sensor1_side,real,1000,2,2026-09-20T00:06:28.675201+00:00
real_00603.npy,tap,sensor1_side,real,1000,2,2026-09-20T00:06:29.101478+00:00
real_00604.npy,tap,sensor1_side,real,1000,2,2026-09-20T00:06:29.558231+00:00
real_00605.npy,tap,sensor1_side,real,1000,2,2026-09-20T00:06:30.183964+00:00
real_00606.npy,tap,sensor1_side,real,1000,2,2026-09-20T00:06:30.634174+00:00
real_00607.npy,tap,sensor1_side,real,1000,2,2026-09-20T00:06:31.054950+00:00
real_00608.npy,tap,sensor1_side,real,1000,2,2026-09-20T00:06:31.457550+00:00
real_00609.npy,tap,sensor1_side,real,1000,2,2026-09-20T00:06:31.878817+00:00
real_00610.npy,tap,sensor1_side,real,1000,2,2026-09-20T00:06:32.471256+00:00
real_00611.npy,tap,sensor1_side,real,1000,2,2026-09-20T00:06:33.262946+00:00
real_00612.npy,tap,sensor1_side,real,1000,2,2026-09-20T00:06:33.689191+00:00
real_00613.npy,tap,sensor1_side,real,1000,2,2026-09-20T00:06:34.357196+00:00
real_00614.npy,tap,sensor1_side,real,1000,2,2026-09-20T00:06:34.970469+00:00
real_00615.npy,tap,sensor1_side,real,1000,2,2026-09-20T00:06:36.027636+00:00
real_00616.npy,tap,sensor1_side,real,1000,2,2026-09-20T00:06:36.511212+00:00
real_00617.npy,tap,sensor1_side,real,1000,2,2026-09-20T00:06:37.288848+00:00
real_00618.npy,tap,sensor1_side,real,1000,2,2026-09-20T00:06:37.856609+00:00
real_00619.npy,tap,sensor1_side,real,1000,2,2026-09-20T00:06:38.592733+00:00
real_00620.npy,tap,sensor1_side,real,1000,2,2026-09-20T00:06:39.181988+00:00
real_00621.npy,tap,sensor1_side,real,1000,2,2026-09-20T00:06:40.007944+00:00
real_00622.npy,tap,sensor1_side,real,1000,2,2026-09-20T00:06:40.546174+00:00
real_00623.npy,tap,sensor1_side,real,1000,2,2026-09-20T00:06:40.993027+00:00
real_00624.npy,tap,sensor1_side,real,1000,2,2026-09-20T00:06:41.900247+00:00
real_00625.npy,tap,sensor1_side,real,1000,2,2026-09-20T00:06:42.419498+00:00
real_00626.npy,tap,sensor1_side,real,1000,2,2026-09-20T00:06:43.230641+00:00
real_00627.npy,tap,sensor1_side,real,1000,2,2026-09-20T00:06:43.690566+00:00
real_00628.npy,tap,sensor1_side,real,1000,2,2026-09-20T00:06:44.149496+00:00
real_00629.npy,tap,sensor1_side,real,1000,2,2026-09-20T00:06:44.946195+00:00
real_00630.npy,tap,sensor1_side,real,1000,2,2026-09-20T00:13:21.630780+00:00
real_00631.npy,tap,sensor1_side,real,1000,2,2026-09-20T00:13:22.328207+00:00
real_00632.npy,tap,sensor1_side,real,1000,2,2026-09-20T00:13:23.260251+00:00
real_00633.npy,tap,sensor1_side,real,1000,2,2026-09-20T00:13:24.088376+00:00
real_00634.npy,tap,sensor1_side,real,1000,2,2026-09-20T00:13:24.489496+00:00
real_00635.npy,tap,sensor1_side,real,1000,2,2026-09-20T00:13:24.955119+00:00
real_00636.npy,tap,sensor1_side,real,1000,2,2026-09-20T00:13:25.351998+00:00
real_00637.npy,tap,sensor1_side,real,1000,2,2026-09-20T00:13:25.752040+00:00
real_00638.npy,tap,sensor1_side,real,1000,2,2026-09-20T00:13:26.152424+00:00
real_00639.npy,tap,sensor1_side,real,1000,2,2026-09-20T00:13:26.553491+00:00
real_00640.npy,tap,sensor1_side,real,1000,2,2026-09-20T00:13:26.953009+00:00
real_00641.npy,tap,sensor1_side,real,1000,2,2026-09-20T00:13:27.350472+00:00
real_00642.npy,tap,sensor1_side,real,1000,2,2026-09-20T00:13:27.751021+00:00
real_00643.npy,tap,sensor1_side,real,1000,2,2026-09-20T00:13:28.150321+00:00
real_00644.npy,tap,sensor1_side,real,1000,2,2026-09-20T00:13:28.555322+00:00
real_00645.npy,tap,sensor1_side,real,1000,2,2026-09-20T00:13:28.950076+00:00
real_00646.npy,tap,sensor1_side,real,1000,2,2026-09-20T00:13:29.347272+00:00
real_00647.npy,tap,sensor1_side,real,1000,2,2026-09-20T00:13:29.768202+00:00
real_00648.npy,tap,sensor1_side,real,1000,2,2026-09-20T00:13:30.168204+00:00
real_00649.npy,tap,sensor1_side,real,1000,2,2026-09-20T00:13:30.570995+00:00
real_00650.npy,tap,sensor1_side,real,1000,2,2026-09-20T00:13:30.971785+00:00
real_00651.npy,tap,sensor1_side,real,1000,2,2026-09-20T00:13:31.373203+00:00
real_00652.npy,tap,sensor1_side,real,1000,2,2026-09-20T00:13:31.770629+00:00
real_00653.npy,tap,sensor1_side,real,1000,2,2026-09-20T00:13:32.171924+00:00
real_00654.npy,tap,sensor1_side,real,1000,2,2026-09-20T00:13:32.572089+00:00
real_00655.npy,tap,sensor1_side,real,1000,2,2026-09-20T00:13:32.966769+00:00
real_00656.npy,tap,sensor1_side,real,1000,2,2026-09-20T00:13:33.369553+00:00
real_00657.npy,tap,sensor1_side,real,1000,2,2026-09-20T00:13:33.768485+00:00
real_00658.npy,tap,sensor1_side,real,1000,2,2026-09-20T00:13:34.177815+00:00
real_00659.npy,tap,sensor1_side,real,1000,2,2026-09-20T00:13:34.618194+00:00
real_00660.npy,tap,sensor1_side,real,1000,2,2026-09-20T00:47:21.526226+00:00
real_00661.npy,tap,sensor1_side,real,1000,2,2026-09-20T00:47:22.191268+00:00
real_00662.npy,tap,sensor1_side,real,1000,2,2026-09-20T00:47:22.720850+00:00
real_00663.npy,tap,sensor1_side,real,1000,2,2026-09-20T00:47:23.124432+00:00
real_00664.npy,tap,sensor1_side,real,1000,2,2026-09-20T00:47:23.575175+00:00
real_00665.npy,tap,sensor1_side,real,1000,2,2026-09-20T00:47:24.047460+00:00
real_00666.npy,tap,sensor1_side,real,1000,2,2026-09-20T00:47:24.449064+00:00
real_00667.npy,tap,sensor1_side,real,1000,2,2026-09-20T00:47:24.872697+00:00
real_00668.npy,tap,sensor1_side,real,1000,2,2026-09-20T00:47:25.270802+00:00
real_00669.npy,tap,sensor1_side,real,1000,2,2026-09-20T00:47:25.697368+00:00
real_00670.npy,tap,sensor1_side,real,1000,2,2026-09-20T00:47:26.093726+00:00
real_00671.npy,tap,sensor1_side,real,1000,2,2026-09-20T00:47:26.494956+00:00
real_00672.npy,tap,sensor1_side,real,1000,2,2026-09-20T00:47:27.073270+00:00
real_00673.npy,tap,sensor1_side,real,1000,2,2026-09-20T00:47:27.469082+00:00
real_00674.npy,tap,sensor1_side,real,1000,2,2026-09-20T00:47:27.871727+00:00
real_00675.npy,tap,sensor1_side,real,1000,2,2026-09-20T00:47:28.272763+00:00
real_00676.npy,tap,sensor1_side,real,1000,2,2026-09-20T00:47:28.676046+00:00
real_00677.npy,tap,sensor1_side,real,1000,2,2026-09-20T00:47:29.074439+00:00
real_00678.npy,tap,sensor1_side,real,1000,2,2026-09-20T00:47:29.472673+00:00
real_00679.npy,tap,sensor1_side,real,1000,2,2026-09-20T00:47:30.044815+00:00
real_00680.npy,tap,sensor1_side,real,1000,2,2026-09-20T00:47:30.444401+00:00
real_00681.npy,tap,sensor1_side,real,1000,2,2026-09-20T00:47:30.844727+00:00
real_00682.npy,tap,sensor1_side,real,1000,2,2026-09-20T00:47:31.244918+00:00
real_00683.npy,tap,sensor1_side,real,1000,2,2026-09-20T00:47:31.644464+00:00
real_00684.npy,tap,sensor1_side,real,1000,2,2026-09-20T00:47:32.041688+00:00
real_00685.npy,tap,sensor1_side,real,1000,2,2026-09-20T00:47:32.612380+00:00
real_00686.npy,tap,sensor1_side,real,1000,2,2026-09-20T00:47:33.009890+00:00
real_00687.npy,tap,sensor1_side,real,1000,2,2026-09-20T00:47:33.413785+00:00
real_00688.npy,tap,sensor1_side,real,1000,2,2026-09-20T00:47:33.812895+00:00
real_00689.npy,tap,sensor1_side,real,1000,2,2026-09-20T00:47:34.210743+00:00
real_00690.npy,pet,sensor1_side,real,1000,2,2026-09-20T00:47:54.232362+00:00
real_00691.npy,pet,sensor1_side,real,1000,2,2026-09-20T00:47:54.682108+00:00
real_00692.npy,pet,sensor1_side,real,1000,2,2026-09-20T00:47:55.101733+00:00
real_00693.npy,pet,sensor1_side,real,1000,2,2026-09-20T00:47:55.557157+00:00
real_00694.npy,pet,sensor1_side,real,1000,2,2026-09-20T00:47:56.127605+00:00
real_00695.npy,pet,sensor1_side,real,1000,2,2026-09-20T00:47:56.667571+00:00
real_00696.npy,pet,sensor1_side,real,1000,2,2026-09-20T00:47:57.091125+00:00
real_00697.npy,pet,sensor1_side,real,1000,2,2026-09-20T00:47:57.508620+00:00
real_00698.npy,pet,sensor1_side,real,1000,2,2026-09-20T00:47:57.911492+00:00
real_00699.npy,pet,sensor1_side,real,1000,2,2026-09-20T00:47:58.312400+00:00
real_00700.npy,pet,sensor1_side,real,1000,2,2026-09-20T00:47:58.711319+00:00
real_00701.npy,pet,sensor1_side,real,1000,2,2026-09-20T00:47:59.130153+00:00
real_00702.npy,pet,sensor1_side,real,1000,2,2026-09-20T00:47:59.545244+00:00
real_00703.npy,pet,sensor1_side,real,1000,2,2026-09-20T00:47:59.948220+00:00
real_00704.npy,pet,sensor1_side,real,1000,2,2026-09-20T00:48:00.351982+00:00
real_00705.npy,pet,sensor1_side,real,1000,2,2026-09-20T00:48:00.752355+00:00
real_00706.npy,pet,sensor1_side,real,1000,2,2026-09-20T00:48:01.183425+00:00
real_00707.npy,pet,sensor1_side,real,1000,2,2026-09-20T00:48:01.627790+00:00
real_00708.npy,pet,sensor1_side,real,1000,2,2026-09-20T00:48:02.087534+00:00
real_00709.npy,pet,sensor1_side,real,1000,2,2026-09-20T00:48:02.495932+00:00
real_00710.npy,pet,sensor1_side,real,1000,2,2026-09-20T00:48:02.954375+00:00
real_00711.npy,pet,sensor1_side,real,1000,2,2026-09-20T00:48:03.382349+00:00
real_00712.npy,pet,sensor1_side,real,1000,2,2026-09-20T00:48:03.927867+00:00
real_00713.npy,pet,sensor1_side,real,1000,2,2026-09-20T00:48:04.514979+00:00
real_00714.npy,pet,sensor1_side,real,1000,2,2026-09-20T00:48:05.116222+00:00
real_00715.npy,pet,sensor1_side,real,1000,2,2026-09-20T00:48:05.658169+00:00
real_00716.npy,pet,sensor1_side,real,1000,2,2026-09-20T00:48:06.152453+00:00
real_00717.npy,pet,sensor1_side,real,1000,2,2026-09-20T00:48:06.679684+00:00
real_00718.npy,pet,sensor1_side,real,1000,2,2026-09-20T00:48:07.251126+00:00
real_00719.npy,pet,sensor1_side,real,1000,2,2026-09-20T00:48:07.650561+00:00
real_00720.npy,scratch,sensor1_side,real,1000,2,2026-09-20T00:48:20.825959+00:00
real_00721.npy,scratch,sensor1_side,real,1000,2,2026-09-20T00:48:21.225314+00:00
real_00722.npy,scratch,sensor1_side,real,1000,2,2026-09-20T00:48:21.624576+00:00
real_00723.npy,scratch,sensor1_side,real,1000,2,2026-09-20T00:48:22.024190+00:00
real_00724.npy,scratch,sensor1_side,real,1000,2,2026-09-20T00:48:22.422318+00:00
real_00725.npy,scratch,sensor1_side,real,1000,2,2026-09-20T00:48:22.890463+00:00
real_00726.npy,scratch,sensor1_side,real,1000,2,2026-09-20T00:48:23.284949+00:00
real_00727.npy,scratch,sensor1_side,real,1000,2,2026-09-20T00:48:23.741600+00:00
real_00728.npy,scratch,sensor1_side,real,1000,2,2026-09-20T00:48:24.135943+00:00
real_00729.npy,scratch,sensor1_side,real,1000,2,2026-09-20T00:48:24.540355+00:00
real_00730.npy,scratch,sensor1_side,real,1000,2,2026-09-20T00:48:24.938838+00:00
real_00731.npy,scratch,sensor1_side,real,1000,2,2026-09-20T00:48:25.333334+00:00
real_00732.npy,scratch,sensor1_side,real,1000,2,2026-09-20T00:48:25.736727+00:00
real_00733.npy,scratch,sensor1_side,real,1000,2,2026-09-20T00:48:26.148559+00:00
real_00734.npy,scratch,sensor1_side,real,1000,2,2026-09-20T00:48:26.546974+00:00
real_00735.npy,scratch,sensor1_side,real,1000,2,2026-09-20T00:48:26.947609+00:00
real_00736.npy,scratch,sensor1_side,real,1000,2,2026-09-20T00:48:27.347306+00:00
real_00737.npy,scratch,sensor1_side,real,1000,2,2026-09-20T00:48:27.745205+00:00
real_00738.npy,scratch,sensor1_side,real,1000,2,2026-09-20T00:48:28.145013+00:00
real_00739.npy,scratch,sensor1_side,real,1000,2,2026-09-20T00:48:28.557144+00:00
real_00740.npy,scratch,sensor1_side,real,1000,2,2026-09-20T00:48:28.939571+00:00
real_00741.npy,scratch,sensor1_side,real,1000,2,2026-09-20T00:48:29.344964+00:00
real_00742.npy,scratch,sensor1_side,real,1000,2,2026-09-20T00:48:29.761120+00:00
real_00743.npy,scratch,sensor1_side,real,1000,2,2026-09-20T00:48:30.166223+00:00
real_00744.npy,scratch,sensor1_side,real,1000,2,2026-09-20T00:48:30.563992+00:00
real_00745.npy,scratch,sensor1_side,real,1000,2,2026-09-20T00:48:30.963358+00:00
real_00746.npy,scratch,sensor1_side,real,1000,2,2026-09-20T00:48:31.365828+00:00
real_00747.npy,scratch,sensor1_side,real,1000,2,2026-09-20T00:48:31.792740+00:00
real_00748.npy,scratch,sensor1_side,real,1000,2,2026-09-20T00:48:32.195746+00:00
real_00749.npy,scratch,sensor1_side,real,1000,2,2026-09-20T00:48:32.596912+00:00
real_00750.npy,hard_tap,sensor1_side,real,1000,2,2026-09-20T00:48:45.837962+00:00
real_00751.npy,hard_tap,sensor1_side,real,1000,2,2026-09-20T00:48:46.489745+00:00
real_00752.npy,hard_tap,sensor1_side,real,1000,2,2026-09-20T00:48:46.888767+00:00
real_00753.npy,hard_tap,sensor1_side,real,1000,2,2026-09-20T00:48:47.287989+00:00
real_00754.npy,hard_tap,sensor1_side,real,1000,2,2026-09-20T00:48:47.691138+00:00
real_00755.npy,hard_tap,sensor1_side,real,1000,2,2026-09-20T00:48:48.086341+00:00
real_00756.npy,hard_tap,sensor1_side,real,1000,2,2026-09-20T00:48:48.487678+00:00
real_00757.npy,hard_tap,sensor1_side,real,1000,2,2026-09-20T00:48:48.889523+00:00
real_00758.npy,hard_tap,sensor1_side,real,1000,2,2026-09-20T00:48:49.289479+00:00
real_00759.npy,hard_tap,sensor1_side,real,1000,2,2026-09-20T00:48:49.685784+00:00
real_00760.npy,hard_tap,sensor1_side,real,1000,2,2026-09-20T00:48:50.085836+00:00
real_00761.npy,hard_tap,sensor1_side,real,1000,2,2026-09-20T00:48:50.483619+00:00
real_00762.npy,hard_tap,sensor1_side,real,1000,2,2026-09-20T00:48:50.885142+00:00
real_00763.npy,hard_tap,sensor1_side,real,1000,2,2026-09-20T00:48:51.283866+00:00
real_00764.npy,hard_tap,sensor1_side,real,1000,2,2026-09-20T00:48:51.680849+00:00
real_00765.npy,hard_tap,sensor1_side,real,1000,2,2026-09-20T00:48:52.081743+00:00
real_00766.npy,hard_tap,sensor1_side,real,1000,2,2026-09-20T00:48:52.483912+00:00
real_00767.npy,hard_tap,sensor1_side,real,1000,2,2026-09-20T00:48:52.878391+00:00
real_00768.npy,hard_tap,sensor1_side,real,1000,2,2026-09-20T00:48:53.282726+00:00
real_00769.npy,hard_tap,sensor1_side,real,1000,2,2026-09-20T00:48:53.692999+00:00
real_00770.npy,hard_tap,sensor1_side,real,1000,2,2026-09-20T00:48:54.095030+00:00
real_00771.npy,hard_tap,sensor1_side,real,1000,2,2026-09-20T00:48:54.492511+00:00
real_00772.npy,hard_tap,sensor1_side,real,1000,2,2026-09-20T00:48:54.897596+00:00
real_00773.npy,hard_tap,sensor1_side,real,1000,2,2026-09-20T00:48:55.304855+00:00
real_00774.npy,hard_tap,sensor1_side,real,1000,2,2026-09-20T00:48:55.701976+00:00
real_00775.npy,hard_tap,sensor1_side,real,1000,2,2026-09-20T00:48:56.099342+00:00
real_00776.npy,hard_tap,sensor1_side,real,1000,2,2026-09-20T00:48:56.501658+00:00
real_00777.npy,hard_tap,sensor1_side,real,1000,2,2026-09-20T00:48:56.898281+00:00
real_00778.npy,hard_tap,sensor1_side,real,1000,2,2026-09-20T00:48:57.296548+00:00
real_00779.npy,hard_tap,sensor1_side,real,1000,2,2026-09-20T00:48:57.699375+00:00
real_00780.npy,tap,sensor2_side,real,1000,2,2026-09-20T00:49:07.877672+00:00
real_00781.npy,tap,sensor2_side,real,1000,2,2026-09-20T00:49:08.420139+00:00
real_00782.npy,tap,sensor2_side,real,1000,2,2026-09-20T00:49:08.818720+00:00
real_00783.npy,tap,sensor2_side,real,1000,2,2026-09-20T00:49:09.229030+00:00
real_00784.npy,tap,sensor2_side,real,1000,2,2026-09-20T00:49:09.625687+00:00
real_00785.npy,tap,sensor2_side,real,1000,2,2026-09-20T00:49:10.046902+00:00
real_00786.npy,tap,sensor2_side,real,1000,2,2026-09-20T00:49:10.455747+00:00
real_00787.npy,tap,sensor2_side,real,1000,2,2026-09-20T00:49:10.847106+00:00
real_00788.npy,tap,sensor2_side,real,1000,2,2026-09-20T00:49:11.241735+00:00
real_00789.npy,tap,sensor2_side,real,1000,2,2026-09-20T00:49:11.643443+00:00
real_00790.npy,tap,sensor2_side,real,1000,2,2026-09-20T00:49:12.066465+00:00
real_00791.npy,tap,sensor2_side,real,1000,2,2026-09-20T00:49:12.466585+00:00
real_00792.npy,tap,sensor2_side,real,1000,2,2026-09-20T00:49:12.868014+00:00
real_00793.npy,tap,sensor2_side,real,1000,2,2026-09-20T00:49:13.266142+00:00
real_00794.npy,tap,sensor2_side,real,1000,2,2026-09-20T00:49:13.666203+00:00
real_00795.npy,tap,sensor2_side,real,1000,2,2026-09-20T00:49:14.065047+00:00
real_00796.npy,tap,sensor2_side,real,1000,2,2026-09-20T00:49:14.540932+00:00
real_00797.npy,tap,sensor2_side,real,1000,2,2026-09-20T00:49:14.994820+00:00
real_00798.npy,tap,sensor2_side,real,1000,2,2026-09-20T00:49:15.396802+00:00
real_00799.npy,tap,sensor2_side,real,1000,2,2026-09-20T00:49:15.791503+00:00
real_00800.npy,tap,sensor2_side,real,1000,2,2026-09-20T00:49:16.200999+00:00
real_00801.npy,tap,sensor2_side,real,1000,2,2026-09-20T00:49:16.598067+00:00
real_00802.npy,tap,sensor2_side,real,1000,2,2026-09-20T00:49:17.093474+00:00
real_00803.npy,tap,sensor2_side,real,1000,2,2026-09-20T00:49:17.493291+00:00
real_00804.npy,tap,sensor2_side,real,1000,2,2026-09-20T00:49:17.898338+00:00
real_00805.npy,tap,sensor2_side,real,1000,2,2026-09-20T00:49:18.329181+00:00
real_00806.npy,tap,sensor2_side,real,1000,2,2026-09-20T00:49:18.766919+00:00
real_00807.npy,tap,sensor2_side,real,1000,2,2026-09-20T00:49:19.164576+00:00
real_00808.npy,tap,sensor2_side,real,1000,2,2026-09-20T00:49:19.565295+00:00
real_00809.npy,tap,sensor2_side,real,1000,2,2026-09-20T00:49:19.965072+00:00
real_00810.npy,pet,sensor2_side,real,1000,2,2026-09-20T00:49:29.516720+00:00
real_00811.npy,pet,sensor2_side,real,1000,2,2026-09-20T00:49:29.936033+00:00
real_00812.npy,pet,sensor2_side,real,1000,2,2026-09-20T00:49:30.357089+00:00
real_00813.npy,pet,sensor2_side,real,1000,2,2026-09-20T00:49:30.830485+00:00
real_00814.npy,pet,sensor2_side,real,1000,2,2026-09-20T00:49:31.234992+00:00
real_00815.npy,pet,sensor2_side,real,1000,2,2026-09-20T00:49:31.632088+00:00
real_00816.npy,pet,sensor2_side,real,1000,2,2026-09-20T00:49:32.031426+00:00
real_00817.npy,pet,sensor2_side,real,1000,2,2026-09-20T00:49:32.449878+00:00
real_00818.npy,pet,sensor2_side,real,1000,2,2026-09-20T00:49:32.846720+00:00
real_00819.npy,pet,sensor2_side,real,1000,2,2026-09-20T00:49:33.263474+00:00
real_00820.npy,pet,sensor2_side,real,1000,2,2026-09-20T00:49:33.795905+00:00
real_00821.npy,pet,sensor2_side,real,1000,2,2026-09-20T00:49:34.196023+00:00
real_00822.npy,pet,sensor2_side,real,1000,2,2026-09-20T00:49:34.606143+00:00
real_00823.npy,pet,sensor2_side,real,1000,2,2026-09-20T00:49:35.008266+00:00
real_00824.npy,pet,sensor2_side,real,1000,2,2026-09-20T00:49:35.537051+00:00
real_00825.npy,pet,sensor2_side,real,1000,2,2026-09-20T00:49:35.933078+00:00
real_00826.npy,pet,sensor2_side,real,1000,2,2026-09-20T00:49:36.366069+00:00
real_00827.npy,pet,sensor2_side,real,1000,2,2026-09-20T00:49:36.789060+00:00
real_00828.npy,pet,sensor2_side,real,1000,2,2026-09-20T00:49:37.237677+00:00
real_00829.npy,pet,sensor2_side,real,1000,2,2026-09-20T00:49:37.686400+00:00
real_00830.npy,pet,sensor2_side,real,1000,2,2026-09-20T00:49:38.141645+00:00
real_00831.npy,pet,sensor2_side,real,1000,2,2026-09-20T00:49:38.546309+00:00
real_00832.npy,pet,sensor2_side,real,1000,2,2026-09-20T00:49:39.105064+00:00
real_00833.npy,pet,sensor2_side,real,1000,2,2026-09-20T00:49:39.503287+00:00
real_00834.npy,pet,sensor2_side,real,1000,2,2026-09-20T00:49:39.921614+00:00
real_00835.npy,pet,sensor2_side,real,1000,2,2026-09-20T00:49:40.346223+00:00
real_00836.npy,pet,sensor2_side,real,1000,2,2026-09-20T00:49:40.770082+00:00
real_00837.npy,pet,sensor2_side,real,1000,2,2026-09-20T00:49:41.173434+00:00
real_00838.npy,pet,sensor2_side,real,1000,2,2026-09-20T00:49:41.574069+00:00
real_00839.npy,pet,sensor2_side,real,1000,2,2026-09-20T00:49:42.001063+00:00
real_00840.npy,scratch,sensor2_side,real,1000,2,2026-09-20T00:49:52.127685+00:00
real_00841.npy,scratch,sensor2_side,real,1000,2,2026-09-20T00:49:52.528935+00:00
real_00842.npy,scratch,sensor2_side,real,1000,2,2026-09-20T00:49:52.926459+00:00
real_00843.npy,scratch,sensor2_side,real,1000,2,2026-09-20T00:49:53.326831+00:00
real_00844.npy,scratch,sensor2_side,real,1000,2,2026-09-20T00:49:53.736844+00:00
real_00845.npy,scratch,sensor2_side,real,1000,2,2026-09-20T00:49:54.137730+00:00
real_00846.npy,scratch,sensor2_side,real,1000,2,2026-09-20T00:49:54.533994+00:00
real_00847.npy,scratch,sensor2_side,real,1000,2,2026-09-20T00:49:54.935443+00:00
real_00848.npy,scratch,sensor2_side,real,1000,2,2026-09-20T00:49:55.336819+00:00
real_00849.npy,scratch,sensor2_side,real,1000,2,2026-09-20T00:49:55.732124+00:00
real_00850.npy,scratch,sensor2_side,real,1000,2,2026-09-20T00:49:56.133402+00:00
real_00851.npy,scratch,sensor2_side,real,1000,2,2026-09-20T00:49:56.533574+00:00
real_00852.npy,scratch,sensor2_side,real,1000,2,2026-09-20T00:49:56.933255+00:00
real_00853.npy,scratch,sensor2_side,real,1000,2,2026-09-20T00:49:57.331850+00:00
real_00854.npy,scratch,sensor2_side,real,1000,2,2026-09-20T00:49:57.731245+00:00
real_00855.npy,scratch,sensor2_side,real,1000,2,2026-09-20T00:49:58.145231+00:00
real_00856.npy,scratch,sensor2_side,real,1000,2,2026-09-20T00:49:58.544039+00:00
real_00857.npy,scratch,sensor2_side,real,1000,2,2026-09-20T00:49:58.948923+00:00
real_00858.npy,scratch,sensor2_side,real,1000,2,2026-09-20T00:49:59.348091+00:00
real_00859.npy,scratch,sensor2_side,real,1000,2,2026-09-20T00:49:59.747171+00:00
real_00860.npy,scratch,sensor2_side,real,1000,2,2026-09-20T00:50:00.147796+00:00
real_00861.npy,scratch,sensor2_side,real,1000,2,2026-09-20T00:50:00.560757+00:00
real_00862.npy,scratch,sensor2_side,real,1000,2,2026-09-20T00:50:00.958745+00:00
real_00863.npy,scratch,sensor2_side,real,1000,2,2026-09-20T00:50:01.368748+00:00
real_00864.npy,scratch,sensor2_side,real,1000,2,2026-09-20T00:50:01.772170+00:00
real_00865.npy,scratch,sensor2_side,real,1000,2,2026-09-20T00:50:02.171182+00:00
real_00866.npy,scratch,sensor2_side,real,1000,2,2026-09-20T00:50:02.599427+00:00
real_00867.npy,scratch,sensor2_side,real,1000,2,2026-09-20T00:50:03.002154+00:00
real_00868.npy,scratch,sensor2_side,real,1000,2,2026-09-20T00:50:03.401096+00:00
real_00869.npy,scratch,sensor2_side,real,1000,2,2026-09-20T00:50:03.802561+00:00
real_00870.npy,hard_tap,sensor2_side,real,1000,2,2026-09-20T00:50:13.541319+00:00
real_00871.npy,hard_tap,sensor2_side,real,1000,2,2026-09-20T00:50:13.939225+00:00
real_00872.npy,hard_tap,sensor2_side,real,1000,2,2026-09-20T00:50:14.351210+00:00
real_00873.npy,hard_tap,sensor2_side,real,1000,2,2026-09-20T00:50:14.750062+00:00
real_00874.npy,hard_tap,sensor2_side,real,1000,2,2026-09-20T00:50:15.148836+00:00
real_00875.npy,hard_tap,sensor2_side,real,1000,2,2026-09-20T00:50:15.548095+00:00
real_00876.npy,hard_tap,sensor2_side,real,1000,2,2026-09-20T00:50:16.034431+00:00
real_00877.npy,hard_tap,sensor2_side,real,1000,2,2026-09-20T00:50:16.436585+00:00
real_00878.npy,hard_tap,sensor2_side,real,1000,2,2026-09-20T00:50:16.833426+00:00
real_00879.npy,hard_tap,sensor2_side,real,1000,2,2026-09-20T00:50:17.233897+00:00
real_00880.npy,hard_tap,sensor2_side,real,1000,2,2026-09-20T00:50:17.634748+00:00
real_00881.npy,hard_tap,sensor2_side,real,1000,2,2026-09-20T00:50:18.049214+00:00
real_00882.npy,hard_tap,sensor2_side,real,1000,2,2026-09-20T00:50:18.479575+00:00
real_00883.npy,hard_tap,sensor2_side,real,1000,2,2026-09-20T00:50:18.880865+00:00
real_00884.npy,hard_tap,sensor2_side,real,1000,2,2026-09-20T00:50:19.277230+00:00
real_00885.npy,hard_tap,sensor2_side,real,1000,2,2026-09-20T00:50:19.678619+00:00
real_00886.npy,hard_tap,sensor2_side,real,1000,2,2026-09-20T00:50:20.078308+00:00
real_00887.npy,hard_tap,sensor2_side,real,1000,2,2026-09-20T00:50:20.475431+00:00
real_00888.npy,hard_tap,sensor2_side,real,1000,2,2026-09-20T00:50:20.879422+00:00
real_00889.npy,hard_tap,sensor2_side,real,1000,2,2026-09-20T00:50:21.312611+00:00
real_00890.npy,hard_tap,sensor2_side,real,1000,2,2026-09-20T00:50:21.708175+00:00
real_00891.npy,hard_tap,sensor2_side,real,1000,2,2026-09-20T00:50:22.107665+00:00
real_00892.npy,hard_tap,sensor2_side,real,1000,2,2026-09-20T00:50:22.505494+00:00
real_00893.npy,hard_tap,sensor2_side,real,1000,2,2026-09-20T00:50:22.911246+00:00
real_00894.npy,hard_tap,sensor2_side,real,1000,2,2026-09-20T00:50:23.324577+00:00
real_00895.npy,hard_tap,sensor2_side,real,1000,2,2026-09-20T00:50:23.721091+00:00
real_00896.npy,hard_tap,sensor2_side,real,1000,2,2026-09-20T00:50:24.123113+00:00
real_00897.npy,hard_tap,sensor2_side,real,1000,2,2026-09-20T00:50:24.524496+00:00
real_00898.npy,hard_tap,sensor2_side,real,1000,2,2026-09-20T00:50:25.019761+00:00
real_00899.npy,hard_tap,sensor2_side,real,1000,2,2026-09-20T00:50:25.420389+00:00
real_00900.npy,tap,rear_left_side,real,1000,5,2026-09-20T07:03:49.891673+00:00
real_00901.npy,tap,rear_left_side,real,1000,5,2026-09-20T07:03:50.943552+00:00
real_00902.npy,tap,rear_left_side,real,1000,5,2026-09-20T07:03:51.948430+00:00
real_00903.npy,tap,rear_left_side,real,1000,5,2026-09-20T07:03:52.898130+00:00
real_00904.npy,tap,rear_left_side,real,1000,5,2026-09-20T07:03:53.882571+00:00
real_00905.npy,tap,rear_left_side,real,1000,5,2026-09-20T07:03:54.852088+00:00
real_00906.npy,tap,rear_left_side,real,1000,5,2026-09-20T07:03:56.075712+00:00
real_00907.npy,tap,rear_left_side,real,1000,5,2026-09-20T07:03:56.848775+00:00
real_00908.npy,tap,rear_left_side,real,1000,5,2026-09-20T07:03:58.131036+00:00
real_00909.npy,tap,rear_left_side,real,1000,5,2026-09-20T07:03:58.826811+00:00
real_00910.npy,tap,rear_left_side,real,1000,5,2026-09-20T07:03:59.832492+00:00
real_00911.npy,tap,rear_left_side,real,1000,5,2026-09-20T07:04:00.730480+00:00
real_00912.npy,tap,rear_left_side,real,1000,5,2026-09-20T07:04:01.614860+00:00
real_00913.npy,tap,rear_left_side,real,1000,5,2026-09-20T07:04:02.546809+00:00
real_00914.npy,tap,rear_left_side,real,1000,5,2026-09-20T07:04:03.665192+00:00
real_00915.npy,tap,rear_left_side,real,1000,5,2026-09-20T07:04:04.557652+00:00
real_00916.npy,tap,rear_left_side,real,1000,5,2026-09-20T07:04:05.475279+00:00
real_00917.npy,tap,rear_left_side,real,1000,5,2026-09-20T07:04:06.531935+00:00
real_00918.npy,tap,rear_left_side,real,1000,5,2026-09-20T07:04:07.226788+00:00
real_00919.npy,tap,rear_left_side,real,1000,5,2026-09-20T07:04:08.208012+00:00
real_00920.npy,tap,rear_right_side,real,1000,5,2026-09-20T07:04:13.224998+00:00
real_00921.npy,tap,rear_right_side,real,1000,5,2026-09-20T07:04:14.080908+00:00
real_00922.npy,tap,rear_right_side,real,1000,5,2026-09-20T07:04:15.007855+00:00
real_00923.npy,tap,rear_right_side,real,1000,5,2026-09-20T07:04:16.108193+00:00
real_00924.npy,tap,rear_right_side,real,1000,5,2026-09-20T07:04:16.940040+00:00
real_00925.npy,tap,rear_right_side,real,1000,5,2026-09-20T07:04:17.960413+00:00
real_00926.npy,tap,rear_right_side,real,1000,5,2026-09-20T07:04:18.979280+00:00
real_00927.npy,tap,rear_right_side,real,1000,5,2026-09-20T07:04:20.010003+00:00
real_00928.npy,tap,rear_right_side,real,1000,5,2026-09-20T07:04:21.131157+00:00
real_00929.npy,tap,rear_right_side,real,1000,5,2026-09-20T07:04:22.099675+00:00
real_00930.npy,tap,rear_right_side,real,1000,5,2026-09-20T07:04:23.338280+00:00
real_00931.npy,tap,rear_right_side,real,1000,5,2026-09-20T07:04:24.549538+00:00
real_00932.npy,tap,rear_right_side,real,1000,5,2026-09-20T07:04:25.469938+00:00
real_00933.npy,tap,rear_right_side,real,1000,5,2026-09-20T07:04:26.537999+00:00
real_00934.npy,tap,rear_right_side,real,1000,5,2026-09-20T07:04:27.556361+00:00
real_00935.npy,tap,rear_right_side,real,1000,5,2026-09-20T07:04:31.289640+00:00
real_00936.npy,tap,rear_right_side,real,1000,5,2026-09-20T07:04:32.284185+00:00
real_00937.npy,tap,rear_right_side,real,1000,5,2026-09-20T07:04:33.516391+00:00
real_00938.npy,tap,rear_right_side,real,1000,5,2026-09-20T07:04:34.318663+00:00
real_00939.npy,tap,rear_right_side,real,1000,5,2026-09-20T07:04:35.497304+00:00
real_00940.npy,tap,rear_top_butt,real,1000,5,2026-09-20T07:04:38.376401+00:00
real_00941.npy,tap,rear_top_butt,real,1000,5,2026-09-20T07:04:40.247109+00:00
real_00942.npy,tap,rear_top_butt,real,1000,5,2026-09-20T07:04:41.462661+00:00
real_00943.npy,tap,rear_top_butt,real,1000,5,2026-09-20T07:04:42.979679+00:00
real_00944.npy,tap,rear_top_butt,real,1000,5,2026-09-20T07:04:43.701876+00:00
real_00945.npy,tap,rear_top_butt,real,1000,5,2026-09-20T07:04:45.050889+00:00
real_00946.npy,tap,rear_top_butt,real,1000,5,2026-09-20T07:04:46.142308+00:00
real_00947.npy,tap,rear_top_butt,real,1000,5,2026-09-20T07:04:46.974817+00:00
real_00948.npy,tap,rear_top_butt,real,1000,5,2026-09-20T07:04:47.883293+00:00
real_00949.npy,tap,rear_top_butt,real,1000,5,2026-09-20T07:04:48.831335+00:00
real_00950.npy,tap,rear_top_butt,real,1000,5,2026-09-20T07:04:49.799876+00:00
real_00951.npy,tap,rear_top_butt,real,1000,5,2026-09-20T07:04:50.744794+00:00
real_00952.npy,tap,rear_top_butt,real,1000,5,2026-09-20T07:04:51.579148+00:00
real_00953.npy,tap,rear_top_butt,real,1000,5,2026-09-20T07:04:52.638745+00:00
real_00954.npy,tap,rear_top_butt,real,1000,5,2026-09-20T07:04:53.736008+00:00
real_00955.npy,tap,rear_top_butt,real,1000,5,2026-09-20T07:04:54.741981+00:00
real_00956.npy,tap,rear_top_butt,real,1000,5,2026-09-20T07:04:55.682829+00:00
real_00957.npy,tap,rear_top_butt,real,1000,5,2026-09-20T07:04:56.646608+00:00
real_00958.npy,tap,rear_top_butt,real,1000,5,2026-09-20T07:04:57.787759+00:00
real_00959.npy,tap,rear_top_butt,real,1000,5,2026-09-20T07:04:58.738346+00:00
real_00960.npy,tap,front_right_side,real,1000,5,2026-09-20T07:05:03.603699+00:00
real_00961.npy,tap,front_right_side,real,1000,5,2026-09-20T07:05:04.543416+00:00
real_00962.npy,tap,front_right_side,real,1000,5,2026-09-20T07:05:05.369437+00:00
real_00963.npy,tap,front_right_side,real,1000,5,2026-09-20T07:05:06.423016+00:00
real_00964.npy,tap,front_right_side,real,1000,5,2026-09-20T07:05:07.411100+00:00
real_00965.npy,tap,front_right_side,real,1000,5,2026-09-20T07:05:08.335230+00:00
real_00966.npy,tap,front_right_side,real,1000,5,2026-09-20T07:05:09.351453+00:00
real_00967.npy,tap,front_right_side,real,1000,5,2026-09-20T07:05:10.335629+00:00
real_00968.npy,tap,front_right_side,real,1000,5,2026-09-20T07:05:11.854648+00:00
real_00969.npy,tap,front_right_side,real,1000,5,2026-09-20T07:05:12.541268+00:00
real_00970.npy,tap,front_right_side,real,1000,5,2026-09-20T07:05:13.454709+00:00
real_00971.npy,tap,front_right_side,real,1000,5,2026-09-20T07:05:14.411615+00:00
real_00972.npy,tap,front_right_side,real,1000,5,2026-09-20T07:05:15.682528+00:00
real_00973.npy,tap,front_right_side,real,1000,5,2026-09-20T07:05:16.355880+00:00
real_00974.npy,tap,front_right_side,real,1000,5,2026-09-20T07:05:17.217665+00:00
real_00975.npy,tap,front_right_side,real,1000,5,2026-09-20T07:05:18.164933+00:00
real_00976.npy,tap,front_right_side,real,1000,5,2026-09-20T07:05:19.016018+00:00
real_00977.npy,tap,front_right_side,real,1000,5,2026-09-20T07:05:19.877624+00:00
real_00978.npy,tap,front_right_side,real,1000,5,2026-09-20T07:05:20.809350+00:00
real_00979.npy,tap,front_right_side,real,1000,5,2026-09-20T07:05:21.712431+00:00
real_00980.npy,tap,front_left_side,real,1000,5,2026-09-20T07:05:22.659431+00:00
real_00981.npy,tap,front_left_side,real,1000,5,2026-09-20T07:05:24.646189+00:00
real_00982.npy,tap,front_left_side,real,1000,5,2026-09-20T07:05:25.571259+00:00
real_00983.npy,tap,front_left_side,real,1000,5,2026-09-20T07:05:27.056384+00:00
real_00984.npy,tap,front_left_side,real,1000,5,2026-09-20T07:05:27.853790+00:00
real_00985.npy,tap,front_left_side,real,1000,5,2026-09-20T07:05:28.848598+00:00
real_00986.npy,tap,front_left_side,real,1000,5,2026-09-20T07:05:29.776658+00:00
real_00987.npy,tap,front_left_side,real,1000,5,2026-09-20T07:05:30.596261+00:00
real_00988.npy,tap,front_left_side,real,1000,5,2026-09-20T07:05:31.409926+00:00
real_00989.npy,tap,front_left_side,real,1000,5,2026-09-20T07:05:32.398301+00:00
real_00990.npy,tap,front_left_side,real,1000,5,2026-09-20T07:05:33.134962+00:00
real_00991.npy,tap,front_left_side,real,1000,5,2026-09-20T07:05:34.009558+00:00
real_00992.npy,tap,front_left_side,real,1000,5,2026-09-20T07:05:34.851906+00:00
real_00993.npy,tap,front_left_side,real,1000,5,2026-09-20T07:05:35.921014+00:00
real_00994.npy,tap,front_left_side,real,1000,5,2026-09-20T07:05:36.822722+00:00
real_00995.npy,tap,front_left_side,real,1000,5,2026-09-20T07:05:37.812686+00:00
real_00996.npy,tap,front_left_side,real,1000,5,2026-09-20T07:05:38.574518+00:00
real_00997.npy,tap,front_left_side,real,1000,5,2026-09-20T07:05:39.634918+00:00
real_00998.npy,tap,front_left_side,real,1000,5,2026-09-20T07:05:40.543216+00:00
real_00999.npy,tap,front_left_side,real,1000,5,2026-09-20T07:05:41.342034+00:00
real_01000.npy,hard_tap,rear_left_side,real,1000,5,2026-09-20T07:05:46.899562+00:00
real_01001.npy,hard_tap,rear_left_side,real,1000,5,2026-09-20T07:05:47.904130+00:00
real_01002.npy,hard_tap,rear_left_side,real,1000,5,2026-09-20T07:05:49.265256+00:00
real_01003.npy,hard_tap,rear_left_side,real,1000,5,2026-09-20T07:05:50.066245+00:00
real_01004.npy,hard_tap,rear_left_side,real,1000,5,2026-09-20T07:05:51.059134+00:00
real_01005.npy,hard_tap,rear_left_side,real,1000,5,2026-09-20T07:05:52.051333+00:00
real_01006.npy,hard_tap,rear_left_side,real,1000,5,2026-09-20T07:05:53.041805+00:00
real_01007.npy,hard_tap,rear_left_side,real,1000,5,2026-09-20T07:05:54.112868+00:00
real_01008.npy,hard_tap,rear_left_side,real,1000,5,2026-09-20T07:05:55.270748+00:00
real_01009.npy,hard_tap,rear_left_side,real,1000,5,2026-09-20T07:05:56.685327+00:00
real_01010.npy,hard_tap,rear_left_side,real,1000,5,2026-09-20T07:05:57.663679+00:00
real_01011.npy,hard_tap,rear_left_side,real,1000,5,2026-09-20T07:05:58.721490+00:00
real_01012.npy,hard_tap,rear_left_side,real,1000,5,2026-09-20T07:05:59.672551+00:00
real_01013.npy,hard_tap,rear_left_side,real,1000,5,2026-09-20T07:06:00.872490+00:00
real_01014.npy,hard_tap,rear_left_side,real,1000,5,2026-09-20T07:06:01.951033+00:00
real_01015.npy,hard_tap,rear_left_side,real,1000,5,2026-09-20T07:06:02.932173+00:00
real_01016.npy,hard_tap,rear_left_side,real,1000,5,2026-09-20T07:06:03.924939+00:00
real_01017.npy,hard_tap,rear_left_side,real,1000,5,2026-09-20T07:06:05.195530+00:00
real_01018.npy,hard_tap,rear_left_side,real,1000,5,2026-09-20T07:06:06.111693+00:00
real_01019.npy,hard_tap,rear_left_side,real,1000,5,2026-09-20T07:06:07.384295+00:00
real_01020.npy,hard_tap,rear_right_side,real,1000,5,2026-09-20T07:06:15.318203+00:00
real_01021.npy,hard_tap,rear_right_side,real,1000,5,2026-09-20T07:06:16.218278+00:00
real_01022.npy,hard_tap,rear_right_side,real,1000,5,2026-09-20T07:06:17.259474+00:00
real_01023.npy,hard_tap,rear_right_side,real,1000,5,2026-09-20T07:06:17.938982+00:00
real_01024.npy,hard_tap,rear_right_side,real,1000,5,2026-09-20T07:06:18.790821+00:00
real_01025.npy,hard_tap,rear_right_side,real,1000,5,2026-09-20T07:06:19.675820+00:00
real_01026.npy,hard_tap,rear_right_side,real,1000,5,2026-09-20T07:06:20.519027+00:00
real_01027.npy,hard_tap,rear_right_side,real,1000,5,2026-09-20T07:06:21.466552+00:00
real_01028.npy,hard_tap,rear_right_side,real,1000,5,2026-09-20T07:06:22.544951+00:00
real_01029.npy,hard_tap,rear_right_side,real,1000,5,2026-09-20T07:06:23.386081+00:00
real_01030.npy,hard_tap,rear_right_side,real,1000,5,2026-09-20T07:06:24.214171+00:00
real_01031.npy,hard_tap,rear_right_side,real,1000,5,2026-09-20T07:06:25.110779+00:00
real_01032.npy,hard_tap,rear_right_side,real,1000,5,2026-09-20T07:06:25.958282+00:00
real_01033.npy,hard_tap,rear_right_side,real,1000,5,2026-09-20T07:06:26.802510+00:00
real_01034.npy,hard_tap,rear_right_side,real,1000,5,2026-09-20T07:06:27.737189+00:00
real_01035.npy,hard_tap,rear_right_side,real,1000,5,2026-09-20T07:06:28.645318+00:00
real_01036.npy,hard_tap,rear_right_side,real,1000,5,2026-09-20T07:06:29.601681+00:00
real_01037.npy,hard_tap,rear_right_side,real,1000,5,2026-09-20T07:06:30.491342+00:00
real_01038.npy,hard_tap,rear_right_side,real,1000,5,2026-09-20T07:06:31.453035+00:00
real_01039.npy,hard_tap,rear_right_side,real,1000,5,2026-09-20T07:06:32.127217+00:00
real_01040.npy,hard_tap,rear_top_butt,real,1000,5,2026-09-20T07:06:33.126072+00:00
real_01041.npy,hard_tap,rear_top_butt,real,1000,5,2026-09-20T07:06:35.381641+00:00
real_01042.npy,hard_tap,rear_top_butt,real,1000,5,2026-09-20T07:06:36.280576+00:00
real_01043.npy,hard_tap,rear_top_butt,real,1000,5,2026-09-20T07:06:37.434926+00:00
real_01044.npy,hard_tap,rear_top_butt,real,1000,5,2026-09-20T07:06:38.428308+00:00
real_01045.npy,hard_tap,rear_top_butt,real,1000,5,2026-09-20T07:06:39.326945+00:00
real_01046.npy,hard_tap,rear_top_butt,real,1000,5,2026-09-20T07:06:40.324691+00:00
real_01047.npy,hard_tap,rear_top_butt,real,1000,5,2026-09-20T07:06:41.137456+00:00
real_01048.npy,hard_tap,rear_top_butt,real,1000,5,2026-09-20T07:06:42.003707+00:00
real_01049.npy,hard_tap,rear_top_butt,real,1000,5,2026-09-20T07:06:42.815873+00:00
real_01050.npy,hard_tap,rear_top_butt,real,1000,5,2026-09-20T07:06:43.742369+00:00
real_01051.npy,hard_tap,rear_top_butt,real,1000,5,2026-09-20T07:06:44.422508+00:00
real_01052.npy,hard_tap,rear_top_butt,real,1000,5,2026-09-20T07:06:45.382111+00:00
real_01053.npy,hard_tap,rear_top_butt,real,1000,5,2026-09-20T07:06:46.171437+00:00
real_01054.npy,hard_tap,rear_top_butt,real,1000,5,2026-09-20T07:06:48.009296+00:00
real_01055.npy,hard_tap,rear_top_butt,real,1000,5,2026-09-20T07:06:48.875159+00:00
real_01056.npy,hard_tap,rear_top_butt,real,1000,5,2026-09-20T07:06:50.155307+00:00
real_01057.npy,hard_tap,rear_top_butt,real,1000,5,2026-09-20T07:06:51.071417+00:00
real_01058.npy,hard_tap,rear_top_butt,real,1000,5,2026-09-20T07:06:52.166300+00:00
real_01059.npy,hard_tap,rear_top_butt,real,1000,5,2026-09-20T07:06:53.129900+00:00
real_01060.npy,hard_tap,front_right_side,real,1000,5,2026-09-20T07:06:58.763807+00:00
real_01061.npy,hard_tap,front_right_side,real,1000,5,2026-09-20T07:06:59.494984+00:00
real_01062.npy,hard_tap,front_right_side,real,1000,5,2026-09-20T07:07:00.267510+00:00
real_01063.npy,hard_tap,front_right_side,real,1000,5,2026-09-20T07:07:01.183621+00:00
real_01064.npy,hard_tap,front_right_side,real,1000,5,2026-09-20T07:07:01.894591+00:00
real_01065.npy,hard_tap,front_right_side,real,1000,5,2026-09-20T07:07:02.741984+00:00
real_01066.npy,hard_tap,front_right_side,real,1000,5,2026-09-20T07:07:03.511368+00:00
real_01067.npy,hard_tap,front_right_side,real,1000,5,2026-09-20T07:07:04.307863+00:00
real_01068.npy,hard_tap,front_right_side,real,1000,5,2026-09-20T07:07:05.157805+00:00
real_01069.npy,hard_tap,front_right_side,real,1000,5,2026-09-20T07:07:05.998351+00:00
real_01070.npy,hard_tap,front_right_side,real,1000,5,2026-09-20T07:07:06.782420+00:00
real_01071.npy,hard_tap,front_right_side,real,1000,5,2026-09-20T07:07:07.641197+00:00
real_01072.npy,hard_tap,front_right_side,real,1000,5,2026-09-20T07:07:08.419696+00:00
real_01073.npy,hard_tap,front_right_side,real,1000,5,2026-09-20T07:07:09.227378+00:00
real_01074.npy,hard_tap,front_right_side,real,1000,5,2026-09-20T07:07:09.976507+00:00
real_01075.npy,hard_tap,front_right_side,real,1000,5,2026-09-20T07:07:10.793388+00:00
real_01076.npy,hard_tap,front_right_side,real,1000,5,2026-09-20T07:07:11.494691+00:00
real_01077.npy,hard_tap,front_right_side,real,1000,5,2026-09-20T07:07:12.169262+00:00
real_01078.npy,hard_tap,front_right_side,real,1000,5,2026-09-20T07:07:13.033726+00:00
real_01079.npy,hard_tap,front_right_side,real,1000,5,2026-09-20T07:07:13.832761+00:00
real_01080.npy,hard_tap,front_left_side,real,1000,5,2026-09-20T07:07:14.698366+00:00
real_01081.npy,hard_tap,front_left_side,real,1000,5,2026-09-20T07:07:16.700378+00:00
real_01082.npy,hard_tap,front_left_side,real,1000,5,2026-09-20T07:07:17.772437+00:00
real_01083.npy,hard_tap,front_left_side,real,1000,5,2026-09-20T07:07:18.773645+00:00
real_01084.npy,hard_tap,front_left_side,real,1000,5,2026-09-20T07:07:19.747517+00:00
real_01085.npy,hard_tap,front_left_side,real,1000,5,2026-09-20T07:07:20.493647+00:00
real_01086.npy,hard_tap,front_left_side,real,1000,5,2026-09-20T07:07:21.413000+00:00
real_01087.npy,hard_tap,front_left_side,real,1000,5,2026-09-20T07:07:22.493024+00:00
real_01088.npy,hard_tap,front_left_side,real,1000,5,2026-09-20T07:07:23.360550+00:00
real_01089.npy,hard_tap,front_left_side,real,1000,5,2026-09-20T07:07:24.402548+00:00
real_01090.npy,hard_tap,front_left_side,real,1000,5,2026-09-20T07:07:25.412048+00:00
real_01091.npy,hard_tap,front_left_side,real,1000,5,2026-09-20T07:07:26.362257+00:00
real_01092.npy,hard_tap,front_left_side,real,1000,5,2026-09-20T07:07:27.363154+00:00
real_01093.npy,hard_tap,front_left_side,real,1000,5,2026-09-20T07:07:28.223554+00:00
real_01094.npy,hard_tap,front_left_side,real,1000,5,2026-09-20T07:07:29.352258+00:00
real_01095.npy,hard_tap,front_left_side,real,1000,5,2026-09-20T07:07:30.599830+00:00
real_01096.npy,hard_tap,front_left_side,real,1000,5,2026-09-20T07:07:31.389887+00:00
real_01097.npy,hard_tap,front_left_side,real,1000,5,2026-09-20T07:07:32.223870+00:00
real_01098.npy,hard_tap,front_left_side,real,1000,5,2026-09-20T07:07:33.076654+00:00
real_01099.npy,hard_tap,front_left_side,real,1000,5,2026-09-20T07:07:34.076729+00:00
real_01100.npy,poke,rear_left_side,real,1000,5,2026-09-20T07:07:47.841187+00:00
real_01101.npy,poke,rear_left_side,real,1000,5,2026-09-20T07:07:49.089732+00:00
real_01102.npy,poke,rear_left_side,real,1000,5,2026-09-20T07:07:49.997827+00:00
real_01103.npy,poke,rear_left_side,real,1000,5,2026-09-20T07:07:51.054972+00:00
real_01104.npy,poke,rear_left_side,real,1000,5,2026-09-20T07:07:52.172355+00:00
real_01105.npy,poke,rear_left_side,real,1000,5,2026-09-20T07:07:53.075089+00:00
real_01106.npy,poke,rear_left_side,real,1000,5,2026-09-20T07:07:54.263401+00:00
real_01107.npy,poke,rear_left_side,real,1000,5,2026-09-20T07:07:55.289905+00:00
real_01108.npy,poke,rear_left_side,real,1000,5,2026-09-20T07:07:56.459224+00:00
real_01109.npy,poke,rear_left_side,real,1000,5,2026-09-20T07:07:57.582312+00:00
real_01110.npy,poke,rear_left_side,real,1000,5,2026-09-20T07:07:58.859380+00:00
real_01111.npy,poke,rear_left_side,real,1000,5,2026-09-20T07:07:59.763449+00:00
real_01112.npy,poke,rear_left_side,real,1000,5,2026-09-20T07:08:00.864612+00:00
real_01113.npy,poke,rear_left_side,real,1000,5,2026-09-20T07:08:02.239375+00:00
real_01114.npy,poke,rear_left_side,real,1000,5,2026-09-20T07:08:03.989452+00:00
real_01115.npy,poke,rear_left_side,real,1000,5,2026-09-20T07:08:05.196755+00:00
real_01116.npy,poke,rear_left_side,real,1000,5,2026-09-20T07:08:06.327170+00:00
real_01117.npy,poke,rear_left_side,real,1000,5,2026-09-20T07:08:07.459484+00:00
real_01118.npy,poke,rear_left_side,real,1000,5,2026-09-20T07:08:09.054443+00:00
real_01119.npy,poke,rear_left_side,real,1000,5,2026-09-20T07:08:09.843892+00:00
real_01120.npy,poke,rear_right_side,real,1000,5,2026-09-20T07:08:15.702468+00:00
real_01121.npy,poke,rear_right_side,real,1000,5,2026-09-20T07:08:16.586094+00:00
real_01122.npy,poke,rear_right_side,real,1000,5,2026-09-20T07:08:17.708053+00:00
real_01123.npy,poke,rear_right_side,real,1000,5,2026-09-20T07:08:18.744931+00:00
real_01124.npy,poke,rear_right_side,real,1000,5,2026-09-20T07:08:19.734354+00:00
real_01125.npy,poke,rear_right_side,real,1000,5,2026-09-20T07:08:20.610435+00:00
real_01126.npy,poke,rear_right_side,real,1000,5,2026-09-20T07:08:21.555066+00:00
real_01127.npy,poke,rear_right_side,real,1000,5,2026-09-20T07:08:22.632370+00:00
real_01128.npy,poke,rear_right_side,real,1000,5,2026-09-20T07:08:23.662846+00:00
real_01129.npy,poke,rear_right_side,real,1000,5,2026-09-20T07:08:24.534184+00:00
real_01130.npy,poke,rear_right_side,real,1000,5,2026-09-20T07:08:25.580131+00:00
real_01131.npy,poke,rear_right_side,real,1000,5,2026-09-20T07:08:26.584325+00:00
real_01132.npy,poke,rear_right_side,real,1000,5,2026-09-20T07:08:27.676851+00:00
real_01133.npy,poke,rear_right_side,real,1000,5,2026-09-20T07:08:28.535073+00:00
real_01134.npy,poke,rear_right_side,real,1000,5,2026-09-20T07:08:29.440597+00:00
real_01135.npy,poke,rear_right_side,real,1000,5,2026-09-20T07:08:30.401607+00:00
real_01136.npy,poke,rear_right_side,real,1000,5,2026-09-20T07:08:31.294227+00:00
real_01137.npy,poke,rear_right_side,real,1000,5,2026-09-20T07:08:32.212836+00:00
real_01138.npy,poke,rear_right_side,real,1000,5,2026-09-20T07:08:33.171844+00:00
real_01139.npy,poke,rear_right_side,real,1000,5,2026-09-20T07:08:34.187050+00:00
real_01140.npy,poke,rear_top_butt,real,1000,5,2026-09-20T07:09:29.976128+00:00
real_01141.npy,poke,rear_top_butt,real,1000,5,2026-09-20T07:09:30.868138+00:00
real_01142.npy,poke,rear_top_butt,real,1000,5,2026-09-20T07:09:31.752605+00:00
real_01143.npy,poke,rear_top_butt,real,1000,5,2026-09-20T07:09:32.456634+00:00
real_01144.npy,poke,rear_top_butt,real,1000,5,2026-09-20T07:09:33.560256+00:00
real_01145.npy,poke,rear_top_butt,real,1000,5,2026-09-20T07:09:34.566757+00:00
real_01146.npy,poke,rear_top_butt,real,1000,5,2026-09-20T07:09:35.576750+00:00
real_01147.npy,poke,rear_top_butt,real,1000,5,2026-09-20T07:09:36.451344+00:00
real_01148.npy,poke,rear_top_butt,real,1000,5,2026-09-20T07:09:37.308521+00:00
real_01149.npy,poke,rear_top_butt,real,1000,5,2026-09-20T07:09:38.065179+00:00
real_01150.npy,poke,rear_top_butt,real,1000,5,2026-09-20T07:09:38.798342+00:00
real_01151.npy,poke,rear_top_butt,real,1000,5,2026-09-20T07:09:39.658815+00:00
real_01152.npy,poke,rear_top_butt,real,1000,5,2026-09-20T07:09:40.522796+00:00
real_01153.npy,poke,rear_top_butt,real,1000,5,2026-09-20T07:09:41.414875+00:00
real_01154.npy,poke,rear_top_butt,real,1000,5,2026-09-20T07:09:42.491895+00:00
real_01155.npy,poke,rear_top_butt,real,1000,5,2026-09-20T07:09:43.329559+00:00
real_01156.npy,poke,rear_top_butt,real,1000,5,2026-09-20T07:09:44.162834+00:00
real_01157.npy,poke,rear_top_butt,real,1000,5,2026-09-20T07:09:45.042081+00:00
real_01158.npy,poke,rear_top_butt,real,1000,5,2026-09-20T07:09:45.973325+00:00
real_01159.npy,poke,rear_top_butt,real,1000,5,2026-09-20T07:09:46.669671+00:00
real_01160.npy,poke,front_right_side,real,1000,5,2026-09-20T07:09:51.650320+00:00
real_01161.npy,poke,front_right_side,real,1000,5,2026-09-20T07:09:52.624324+00:00
real_01162.npy,poke,front_right_side,real,1000,5,2026-09-20T07:09:53.378613+00:00
real_01163.npy,poke,front_right_side,real,1000,5,2026-09-20T07:09:54.347722+00:00
real_01164.npy,poke,front_right_side,real,1000,5,2026-09-20T07:09:55.101222+00:00
real_01165.npy,poke,front_right_side,real,1000,5,2026-09-20T07:09:56.057702+00:00
real_01166.npy,poke,front_right_side,real,1000,5,2026-09-20T07:09:56.951479+00:00
real_01167.npy,poke,front_right_side,real,1000,5,2026-09-20T07:09:57.914138+00:00
real_01168.npy,poke,front_right_side,real,1000,5,2026-09-20T07:09:58.920822+00:00
real_01169.npy,poke,front_right_side,real,1000,5,2026-09-20T07:09:59.689845+00:00
real_01170.npy,poke,front_right_side,real,1000,5,2026-09-20T07:10:00.738065+00:00
real_01171.npy,poke,front_right_side,real,1000,5,2026-09-20T07:10:01.452782+00:00
real_01172.npy,poke,front_right_side,real,1000,5,2026-09-20T07:10:02.333064+00:00
real_01173.npy,poke,front_right_side,real,1000,5,2026-09-20T07:10:03.186379+00:00
real_01174.npy,poke,front_right_side,real,1000,5,2026-09-20T07:10:04.147139+00:00
real_01175.npy,poke,front_right_side,real,1000,5,2026-09-20T07:10:05.069258+00:00
real_01176.npy,poke,front_right_side,real,1000,5,2026-09-20T07:10:05.899621+00:00
real_01177.npy,poke,front_right_side,real,1000,5,2026-09-20T07:10:07.061490+00:00
real_01178.npy,poke,front_right_side,real,1000,5,2026-09-20T07:10:08.111978+00:00
real_01179.npy,poke,front_right_side,real,1000,5,2026-09-20T07:10:08.917749+00:00
real_01180.npy,poke,front_left_side,real,1000,5,2026-09-20T07:10:19.106398+00:00
real_01181.npy,poke,front_left_side,real,1000,5,2026-09-20T07:10:20.027902+00:00
real_01182.npy,poke,front_left_side,real,1000,5,2026-09-20T07:10:20.992931+00:00
real_01183.npy,poke,front_left_side,real,1000,5,2026-09-20T07:10:21.696739+00:00
real_01184.npy,poke,front_left_side,real,1000,5,2026-09-20T07:10:22.758673+00:00
real_01185.npy,poke,front_left_side,real,1000,5,2026-09-20T07:10:23.636877+00:00
real_01186.npy,poke,front_left_side,real,1000,5,2026-09-20T07:10:24.378822+00:00
real_01187.npy,poke,front_left_side,real,1000,5,2026-09-20T07:10:25.467555+00:00
real_01188.npy,poke,front_left_side,real,1000,5,2026-09-20T07:10:26.522315+00:00
real_01189.npy,poke,front_left_side,real,1000,5,2026-09-20T07:10:27.250079+00:00
real_01190.npy,poke,front_left_side,real,1000,5,2026-09-20T07:10:28.194681+00:00
real_01191.npy,poke,front_left_side,real,1000,5,2026-09-20T07:10:28.988462+00:00
real_01192.npy,poke,front_left_side,real,1000,5,2026-09-20T07:10:29.755563+00:00
real_01193.npy,poke,front_left_side,real,1000,5,2026-09-20T07:10:30.937933+00:00
real_01194.npy,poke,front_left_side,real,1000,5,2026-09-20T07:10:31.715904+00:00
real_01195.npy,poke,front_left_side,real,1000,5,2026-09-20T07:10:32.548803+00:00
real_01196.npy,poke,front_left_side,real,1000,5,2026-09-20T07:10:33.610463+00:00
real_01197.npy,poke,front_left_side,real,1000,5,2026-09-20T07:10:34.401913+00:00
real_01198.npy,poke,front_left_side,real,1000,5,2026-09-20T07:10:35.452238+00:00
real_01199.npy,poke,front_left_side,real,1000,5,2026-09-20T07:10:36.481981+00:00
real_01200.npy,scratch,rear_left_side,real,1000,5,2026-09-20T07:10:46.711027+00:00
real_01201.npy,scratch,rear_left_side,real,1000,5,2026-09-20T07:10:48.332786+00:00
real_01202.npy,scratch,rear_left_side,real,1000,5,2026-09-20T07:10:50.068257+00:00
real_01203.npy,scratch,rear_left_side,real,1000,5,2026-09-20T07:10:51.247528+00:00
real_01204.npy,scratch,rear_left_side,real,1000,5,2026-09-20T07:10:52.267259+00:00
real_01205.npy,scratch,rear_left_side,real,1000,5,2026-09-20T07:10:53.306206+00:00
real_01206.npy,scratch,rear_left_side,real,1000,5,2026-09-20T07:10:54.325632+00:00
real_01207.npy,scratch,rear_left_side,real,1000,5,2026-09-20T07:10:55.471086+00:00
real_01208.npy,scratch,rear_left_side,real,1000,5,2026-09-20T07:10:56.439301+00:00
real_01209.npy,scratch,rear_left_side,real,1000,5,2026-09-20T07:10:57.685386+00:00
real_01210.npy,scratch,rear_left_side,real,1000,5,2026-09-20T07:10:58.544438+00:00
real_01211.npy,scratch,rear_left_side,real,1000,5,2026-09-20T07:10:59.648121+00:00
real_01212.npy,scratch,rear_left_side,real,1000,5,2026-09-20T07:11:00.701339+00:00
real_01213.npy,scratch,rear_left_side,real,1000,5,2026-09-20T07:11:01.824777+00:00
real_01214.npy,scratch,rear_left_side,real,1000,5,2026-09-20T07:11:03.079593+00:00
real_01215.npy,scratch,rear_left_side,real,1000,5,2026-09-20T07:11:04.206286+00:00
real_01216.npy,scratch,rear_left_side,real,1000,5,2026-09-20T07:11:05.392869+00:00
real_01217.npy,scratch,rear_left_side,real,1000,5,2026-09-20T07:11:06.577609+00:00
real_01218.npy,scratch,rear_left_side,real,1000,5,2026-09-20T07:11:07.731324+00:00
real_01219.npy,scratch,rear_left_side,real,1000,5,2026-09-20T07:11:08.827108+00:00
real_01220.npy,scratch,rear_right_side,real,1000,5,2026-09-20T07:11:13.788919+00:00
real_01221.npy,scratch,rear_right_side,real,1000,5,2026-09-20T07:11:14.815342+00:00
real_01222.npy,scratch,rear_right_side,real,1000,5,2026-09-20T07:11:16.043382+00:00
real_01223.npy,scratch,rear_right_side,real,1000,5,2026-09-20T07:11:16.971212+00:00
real_01224.npy,scratch,rear_right_side,real,1000,5,2026-09-20T07:11:18.001964+00:00
real_01225.npy,scratch,rear_right_side,real,1000,5,2026-09-20T07:11:19.007357+00:00
real_01226.npy,scratch,rear_right_side,real,1000,5,2026-09-20T07:11:20.530363+00:00
real_01227.npy,scratch,rear_right_side,real,1000,5,2026-09-20T07:11:21.481173+00:00
real_01228.npy,scratch,rear_right_side,real,1000,5,2026-09-20T07:11:22.375489+00:00
real_01229.npy,scratch,rear_right_side,real,1000,5,2026-09-20T07:11:23.559011+00:00
real_01230.npy,scratch,rear_right_side,real,1000,5,2026-09-20T07:11:24.916205+00:00
real_01231.npy,scratch,rear_right_side,real,1000,5,2026-09-20T07:11:27.101960+00:00
real_01232.npy,scratch,rear_right_side,real,1000,5,2026-09-20T07:11:28.193753+00:00
real_01233.npy,scratch,rear_right_side,real,1000,5,2026-09-20T07:11:29.300955+00:00
real_01234.npy,scratch,rear_right_side,real,1000,5,2026-09-20T07:11:30.435909+00:00
real_01235.npy,scratch,rear_right_side,real,1000,5,2026-09-20T07:11:31.758044+00:00
real_01236.npy,scratch,rear_right_side,real,1000,5,2026-09-20T07:11:32.915242+00:00
real_01237.npy,scratch,rear_right_side,real,1000,5,2026-09-20T07:11:34.059252+00:00
real_01238.npy,scratch,rear_right_side,real,1000,5,2026-09-20T07:11:35.085246+00:00
real_01239.npy,scratch,rear_right_side,real,1000,5,2026-09-20T07:11:36.354370+00:00
real_01240.npy,scratch,rear_top_butt,real,1000,5,2026-09-20T07:11:39.776476+00:00
real_01241.npy,scratch,rear_top_butt,real,1000,5,2026-09-20T07:11:41.188016+00:00
real_01242.npy,scratch,rear_top_butt,real,1000,5,2026-09-20T07:11:42.744912+00:00
real_01243.npy,scratch,rear_top_butt,real,1000,5,2026-09-20T07:11:43.998983+00:00
real_01244.npy,scratch,rear_top_butt,real,1000,5,2026-09-20T07:11:45.061149+00:00
real_01245.npy,scratch,rear_top_butt,real,1000,5,2026-09-20T07:11:46.286188+00:00
real_01246.npy,scratch,rear_top_butt,real,1000,5,2026-09-20T07:11:47.238222+00:00
real_01247.npy,scratch,rear_top_butt,real,1000,5,2026-09-20T07:11:48.724078+00:00
real_01248.npy,scratch,rear_top_butt,real,1000,5,2026-09-20T07:11:49.795280+00:00
real_01249.npy,scratch,rear_top_butt,real,1000,5,2026-09-20T07:11:50.760056+00:00
real_01250.npy,scratch,rear_top_butt,real,1000,5,2026-09-20T07:11:51.735772+00:00
real_01251.npy,scratch,rear_top_butt,real,1000,5,2026-09-20T07:11:52.706964+00:00
real_01252.npy,scratch,rear_top_butt,real,1000,5,2026-09-20T07:11:53.606534+00:00
real_01253.npy,scratch,rear_top_butt,real,1000,5,2026-09-20T07:11:54.835197+00:00
real_01254.npy,scratch,rear_top_butt,real,1000,5,2026-09-20T07:11:55.543843+00:00
real_01255.npy,scratch,rear_top_butt,real,1000,5,2026-09-20T07:11:57.445250+00:00
real_01256.npy,scratch,rear_top_butt,real,1000,5,2026-09-20T07:11:58.344292+00:00
real_01257.npy,scratch,rear_top_butt,real,1000,5,2026-09-20T07:12:00.081916+00:00
real_01258.npy,scratch,rear_top_butt,real,1000,5,2026-09-20T07:12:01.364940+00:00
real_01259.npy,scratch,rear_top_butt,real,1000,5,2026-09-20T07:12:02.398444+00:00
real_01260.npy,scratch,front_right_side,real,1000,5,2026-09-20T07:12:07.723147+00:00
real_01261.npy,scratch,front_right_side,real,1000,5,2026-09-20T07:12:08.766651+00:00
real_01262.npy,scratch,front_right_side,real,1000,5,2026-09-20T07:12:09.698798+00:00
real_01263.npy,scratch,front_right_side,real,1000,5,2026-09-20T07:12:10.648186+00:00
real_01264.npy,scratch,front_right_side,real,1000,5,2026-09-20T07:12:11.400651+00:00
real_01265.npy,scratch,front_right_side,real,1000,5,2026-09-20T07:12:12.759114+00:00
real_01266.npy,scratch,front_right_side,real,1000,5,2026-09-20T07:12:13.512526+00:00
real_01267.npy,scratch,front_right_side,real,1000,5,2026-09-20T07:12:14.423636+00:00
real_01268.npy,scratch,front_right_side,real,1000,5,2026-09-20T07:12:15.406446+00:00
real_01269.npy,scratch,front_right_side,real,1000,5,2026-09-20T07:12:16.279628+00:00
real_01270.npy,scratch,front_right_side,real,1000,5,2026-09-20T07:12:17.180839+00:00
real_01271.npy,scratch,front_right_side,real,1000,5,2026-09-20T07:12:18.045211+00:00
real_01272.npy,scratch,front_right_side,real,1000,5,2026-09-20T07:12:19.028320+00:00
real_01273.npy,scratch,front_right_side,real,1000,5,2026-09-20T07:12:20.126145+00:00
real_01274.npy,scratch,front_right_side,real,1000,5,2026-09-20T07:12:20.932993+00:00
real_01275.npy,scratch,front_right_side,real,1000,5,2026-09-20T07:12:22.521195+00:00
real_01276.npy,scratch,front_right_side,real,1000,5,2026-09-20T07:12:23.331634+00:00
real_01277.npy,scratch,front_right_side,real,1000,5,2026-09-20T07:12:24.904121+00:00
real_01278.npy,scratch,front_right_side,real,1000,5,2026-09-20T07:12:25.602817+00:00
real_01279.npy,scratch,front_right_side,real,1000,5,2026-09-20T07:12:27.378323+00:00
real_01280.npy,scratch,front_left_side,real,1000,5,2026-09-20T07:12:28.251285+00:00
real_01281.npy,scratch,front_left_side,real,1000,5,2026-09-20T07:12:31.828449+00:00
real_01282.npy,scratch,front_left_side,real,1000,5,2026-09-20T07:12:32.739646+00:00
real_01283.npy,scratch,front_left_side,real,1000,5,2026-09-20T07:12:33.721991+00:00
real_01284.npy,scratch,front_left_side,real,1000,5,2026-09-20T07:12:34.703416+00:00
real_01285.npy,scratch,front_left_side,real,1000,5,2026-09-20T07:12:35.613270+00:00
real_01286.npy,scratch,front_left_side,real,1000,5,2026-09-20T07:12:36.638395+00:00
real_01287.npy,scratch,front_left_side,real,1000,5,2026-09-20T07:12:37.386070+00:00
real_01288.npy,scratch,front_left_side,real,1000,5,2026-09-20T07:12:38.540080+00:00
real_01289.npy,scratch,front_left_side,real,1000,5,2026-09-20T07:12:39.535974+00:00
real_01290.npy,scratch,front_left_side,real,1000,5,2026-09-20T07:12:41.005344+00:00
real_01291.npy,scratch,front_left_side,real,1000,5,2026-09-20T07:12:42.776650+00:00
real_01292.npy,scratch,front_left_side,real,1000,5,2026-09-20T07:12:43.755791+00:00
real_01293.npy,scratch,front_left_side,real,1000,5,2026-09-20T07:12:44.781537+00:00
real_01294.npy,scratch,front_left_side,real,1000,5,2026-09-20T07:12:45.747236+00:00
real_01295.npy,scratch,front_left_side,real,1000,5,2026-09-20T07:12:47.304990+00:00
real_01296.npy,scratch,front_left_side,real,1000,5,2026-09-20T07:12:48.532138+00:00
real_01297.npy,scratch,front_left_side,real,1000,5,2026-09-20T07:12:49.532081+00:00
real_01298.npy,scratch,front_left_side,real,1000,5,2026-09-20T07:12:50.694824+00:00
real_01299.npy,scratch,front_left_side,real,1000,5,2026-09-20T07:12:51.819825+00:00
real_01300.npy,stroke,rear_left_side,real,1000,5,2026-09-20T07:13:00.141737+00:00
real_01301.npy,stroke,rear_left_side,real,1000,5,2026-09-20T07:13:02.301311+00:00
real_01302.npy,stroke,rear_left_side,real,1000,5,2026-09-20T07:13:04.124630+00:00
real_01303.npy,stroke,rear_left_side,real,1000,5,2026-09-20T07:13:05.804778+00:00
real_01304.npy,stroke,rear_left_side,real,1000,5,2026-09-20T07:13:07.817104+00:00
real_01305.npy,stroke,rear_left_side,real,1000,5,2026-09-20T07:13:09.093946+00:00
real_01306.npy,stroke,rear_left_side,real,1000,5,2026-09-20T07:13:10.475454+00:00
real_01307.npy,stroke,rear_left_side,real,1000,5,2026-09-20T07:13:11.325171+00:00
real_01308.npy,stroke,rear_left_side,real,1000,5,2026-09-20T07:13:13.252684+00:00
real_01309.npy,stroke,rear_left_side,real,1000,5,2026-09-20T07:13:14.881296+00:00
real_01310.npy,stroke,rear_left_side,real,1000,5,2026-09-20T07:13:16.143055+00:00
real_01311.npy,stroke,rear_left_side,real,1000,5,2026-09-20T07:13:17.555728+00:00
real_01312.npy,stroke,rear_left_side,real,1000,5,2026-09-20T07:13:18.689245+00:00
real_01313.npy,stroke,rear_left_side,real,1000,5,2026-09-20T07:13:20.014977+00:00
real_01314.npy,stroke,rear_left_side,real,1000,5,2026-09-20T07:13:21.588255+00:00
real_01315.npy,stroke,rear_left_side,real,1000,5,2026-09-20T07:13:23.018582+00:00
real_01316.npy,stroke,rear_left_side,real,1000,5,2026-09-20T07:13:24.333268+00:00
real_01317.npy,stroke,rear_left_side,real,1000,5,2026-09-20T07:13:25.887138+00:00
real_01318.npy,stroke,rear_left_side,real,1000,5,2026-09-20T07:13:27.789558+00:00
real_01319.npy,stroke,rear_left_side,real,1000,5,2026-09-20T07:13:29.458247+00:00
real_01320.npy,stroke,rear_right_side,real,1000,5,2026-09-20T07:13:33.593326+00:00
real_01321.npy,stroke,rear_right_side,real,1000,5,2026-09-20T07:13:35.016362+00:00
real_01322.npy,stroke,rear_right_side,real,1000,5,2026-09-20T07:13:36.039345+00:00
real_01323.npy,stroke,rear_right_side,real,1000,5,2026-09-20T07:13:37.270421+00:00
real_01324.npy,stroke,rear_right_side,real,1000,5,2026-09-20T07:13:38.546269+00:00
real_01325.npy,stroke,rear_right_side,real,1000,5,2026-09-20T07:13:39.826582+00:00
real_01326.npy,stroke,rear_right_side,real,1000,5,2026-09-20T07:13:40.950665+00:00
real_01327.npy,stroke,rear_right_side,real,1000,5,2026-09-20T07:13:42.150452+00:00
real_01328.npy,stroke,rear_right_side,real,1000,5,2026-09-20T07:13:43.363360+00:00
real_01329.npy,stroke,rear_right_side,real,1000,5,2026-09-20T07:13:44.850552+00:00
real_01330.npy,stroke,rear_right_side,real,1000,5,2026-09-20T07:13:46.054064+00:00
real_01331.npy,stroke,rear_right_side,real,1000,5,2026-09-20T07:13:47.243837+00:00
real_01332.npy,stroke,rear_right_side,real,1000,5,2026-09-20T07:13:48.324934+00:00
real_01333.npy,stroke,rear_right_side,real,1000,5,2026-09-20T07:13:49.507790+00:00
real_01334.npy,stroke,rear_right_side,real,1000,5,2026-09-20T07:13:50.776622+00:00
real_01335.npy,stroke,rear_right_side,real,1000,5,2026-09-20T07:13:51.871958+00:00
real_01336.npy,stroke,rear_right_side,real,1000,5,2026-09-20T07:13:53.243122+00:00
real_01337.npy,stroke,rear_right_side,real,1000,5,2026-09-20T07:13:54.404452+00:00
real_01338.npy,stroke,rear_right_side,real,1000,5,2026-09-20T07:13:55.501894+00:00
real_01339.npy,stroke,rear_right_side,real,1000,5,2026-09-20T07:13:56.723368+00:00
real_01340.npy,stroke,rear_top_butt,real,1000,5,2026-09-20T07:14:00.521338+00:00
real_01341.npy,stroke,rear_top_butt,real,1000,5,2026-09-20T07:14:01.848195+00:00
real_01342.npy,stroke,rear_top_butt,real,1000,5,2026-09-20T07:14:02.882766+00:00
real_01343.npy,stroke,rear_top_butt,real,1000,5,2026-09-20T07:14:03.975498+00:00
real_01344.npy,stroke,rear_top_butt,real,1000,5,2026-09-20T07:14:05.079910+00:00
real_01345.npy,stroke,rear_top_butt,real,1000,5,2026-09-20T07:14:06.177447+00:00
real_01346.npy,stroke,rear_top_butt,real,1000,5,2026-09-20T07:14:07.295557+00:00
real_01347.npy,stroke,rear_top_butt,real,1000,5,2026-09-20T07:14:08.840951+00:00
real_01348.npy,stroke,rear_top_butt,real,1000,5,2026-09-20T07:14:09.935076+00:00
real_01349.npy,stroke,rear_top_butt,real,1000,5,2026-09-20T07:14:11.016235+00:00
real_01350.npy,stroke,rear_top_butt,real,1000,5,2026-09-20T07:14:12.117659+00:00
real_01351.npy,stroke,rear_top_butt,real,1000,5,2026-09-20T07:14:13.024333+00:00
real_01352.npy,stroke,rear_top_butt,real,1000,5,2026-09-20T07:14:14.122851+00:00
real_01353.npy,stroke,rear_top_butt,real,1000,5,2026-09-20T07:14:15.181604+00:00
real_01354.npy,stroke,rear_top_butt,real,1000,5,2026-09-20T07:14:16.332041+00:00
real_01355.npy,stroke,rear_top_butt,real,1000,5,2026-09-20T07:14:17.448956+00:00
real_01356.npy,stroke,rear_top_butt,real,1000,5,2026-09-20T07:14:18.708140+00:00
real_01357.npy,stroke,rear_top_butt,real,1000,5,2026-09-20T07:14:19.831876+00:00
real_01358.npy,stroke,rear_top_butt,real,1000,5,2026-09-20T07:14:21.088724+00:00
real_01359.npy,stroke,rear_top_butt,real,1000,5,2026-09-20T07:14:22.279335+00:00
real_01360.npy,stroke,front_right_side,real,1000,5,2026-09-20T07:14:40.928806+00:00
real_01361.npy,stroke,front_right_side,real,1000,5,2026-09-20T07:14:41.930805+00:00
real_01362.npy,stroke,front_right_side,real,1000,5,2026-09-20T07:14:43.483875+00:00
real_01363.npy,stroke,front_right_side,real,1000,5,2026-09-20T07:14:44.547633+00:00
real_01364.npy,stroke,front_right_side,real,1000,5,2026-09-20T07:14:45.933313+00:00
real_01365.npy,stroke,front_right_side,real,1000,5,2026-09-20T07:14:47.239748+00:00
real_01366.npy,stroke,front_right_side,real,1000,5,2026-09-20T07:14:48.329948+00:00
real_01367.npy,stroke,front_right_side,real,1000,5,2026-09-20T07:14:49.467481+00:00
real_01368.npy,stroke,front_right_side,real,1000,5,2026-09-20T07:14:50.595392+00:00
real_01369.npy,stroke,front_right_side,real,1000,5,2026-09-20T07:14:52.381539+00:00
real_01370.npy,stroke,front_right_side,real,1000,5,2026-09-20T07:14:53.357083+00:00
real_01371.npy,stroke,front_right_side,real,1000,5,2026-09-20T07:14:54.575678+00:00
real_01372.npy,stroke,front_right_side,real,1000,5,2026-09-20T07:14:55.677429+00:00
real_01373.npy,stroke,front_right_side,real,1000,5,2026-09-20T07:14:56.800755+00:00
real_01374.npy,stroke,front_right_side,real,1000,5,2026-09-20T07:14:57.783535+00:00
real_01375.npy,stroke,front_right_side,real,1000,5,2026-09-20T07:14:58.821499+00:00
real_01376.npy,stroke,front_right_side,real,1000,5,2026-09-20T07:14:59.931682+00:00
real_01377.npy,stroke,front_right_side,real,1000,5,2026-09-20T07:15:00.931259+00:00
real_01378.npy,stroke,front_right_side,real,1000,5,2026-09-20T07:15:02.305434+00:00
real_01379.npy,stroke,front_right_side,real,1000,5,2026-09-20T07:15:03.649046+00:00
real_01380.npy,stroke,front_left_side,real,1000,5,2026-09-20T07:15:10.283991+00:00
real_01381.npy,stroke,front_left_side,real,1000,5,2026-09-20T07:15:11.848760+00:00
real_01382.npy,stroke,front_left_side,real,1000,5,2026-09-20T07:15:12.835206+00:00
real_01383.npy,stroke,front_left_side,real,1000,5,2026-09-20T07:15:13.780521+00:00
real_01384.npy,stroke,front_left_side,real,1000,5,2026-09-20T07:15:15.442901+00:00
real_01385.npy,stroke,front_left_side,real,1000,5,2026-09-20T07:15:16.455223+00:00
real_01386.npy,stroke,front_left_side,real,1000,5,2026-09-20T07:15:17.568717+00:00
real_01387.npy,stroke,front_left_side,real,1000,5,2026-09-20T07:15:18.849177+00:00
real_01388.npy,stroke,front_left_side,real,1000,5,2026-09-20T07:15:20.033102+00:00
real_01389.npy,stroke,front_left_side,real,1000,5,2026-09-20T07:15:21.124223+00:00
real_01390.npy,stroke,front_left_side,real,1000,5,2026-09-20T07:15:22.278130+00:00
real_01391.npy,stroke,front_left_side,real,1000,5,2026-09-20T07:15:23.919567+00:00
real_01392.npy,stroke,front_left_side,real,1000,5,2026-09-20T07:15:24.731844+00:00
real_01393.npy,stroke,front_left_side,real,1000,5,2026-09-20T07:15:26.624068+00:00
real_01394.npy,stroke,front_left_side,real,1000,5,2026-09-20T07:15:27.929705+00:00
real_01395.npy,stroke,front_left_side,real,1000,5,2026-09-20T07:15:29.189607+00:00
real_01396.npy,stroke,front_left_side,real,1000,5,2026-09-20T07:15:30.272072+00:00
real_01397.npy,stroke,front_left_side,real,1000,5,2026-09-20T07:15:31.966625+00:00
real_01398.npy,stroke,front_left_side,real,1000,5,2026-09-20T07:15:33.674677+00:00
real_01399.npy,stroke,front_left_side,real,1000,5,2026-09-20T07:15:34.806869+00:00
real_01400.npy,pet,rear_left_side,real,1000,5,2026-09-20T07:16:03.011238+00:00
real_01401.npy,pet,rear_left_side,real,1000,5,2026-09-20T07:16:04.638309+00:00
real_01402.npy,pet,rear_left_side,real,1000,5,2026-09-20T07:16:05.673704+00:00
real_01403.npy,pet,rear_left_side,real,1000,5,2026-09-20T07:16:06.808491+00:00
real_01404.npy,pet,rear_left_side,real,1000,5,2026-09-20T07:16:08.009434+00:00
real_01405.npy,pet,rear_left_side,real,1000,5,2026-09-20T07:16:09.052073+00:00
real_01406.npy,pet,rear_left_side,real,1000,5,2026-09-20T07:16:10.172027+00:00
real_01407.npy,pet,rear_left_side,real,1000,5,2026-09-20T07:16:11.264558+00:00
real_01408.npy,pet,rear_left_side,real,1000,5,2026-09-20T07:16:12.230631+00:00
real_01409.npy,pet,rear_left_side,real,1000,5,2026-09-20T07:16:13.259746+00:00
real_01410.npy,pet,rear_left_side,real,1000,5,2026-09-20T07:16:14.358731+00:00
real_01411.npy,pet,rear_left_side,real,1000,5,2026-09-20T07:16:15.537992+00:00
real_01412.npy,pet,rear_left_side,real,1000,5,2026-09-20T07:16:17.354253+00:00
real_01413.npy,pet,rear_left_side,real,1000,5,2026-09-20T07:16:18.932032+00:00
real_01414.npy,pet,rear_left_side,real,1000,5,2026-09-20T07:16:19.982644+00:00
real_01415.npy,pet,rear_left_side,real,1000,5,2026-09-20T07:16:21.247659+00:00
real_01416.npy,pet,rear_left_side,real,1000,5,2026-09-20T07:16:22.367703+00:00
real_01417.npy,pet,rear_left_side,real,1000,5,2026-09-20T07:16:23.735761+00:00
real_01418.npy,pet,rear_left_side,real,1000,5,2026-09-20T07:16:24.912787+00:00
real_01419.npy,pet,rear_left_side,real,1000,5,2026-09-20T07:16:26.386714+00:00
real_01420.npy,pet,rear_right_side,real,1000,5,2026-09-20T07:16:29.772428+00:00
real_01421.npy,pet,rear_right_side,real,1000,5,2026-09-20T07:16:30.954321+00:00
real_01422.npy,pet,rear_right_side,real,1000,5,2026-09-20T07:16:32.040944+00:00
real_01423.npy,pet,rear_right_side,real,1000,5,2026-09-20T07:16:33.153910+00:00
real_01424.npy,pet,rear_right_side,real,1000,5,2026-09-20T07:16:38.014104+00:00
real_01425.npy,pet,rear_right_side,real,1000,5,2026-09-20T07:16:39.177640+00:00
real_01426.npy,pet,rear_right_side,real,1000,5,2026-09-20T07:16:40.354719+00:00
real_01427.npy,pet,rear_right_side,real,1000,5,2026-09-20T07:16:41.525984+00:00
real_01428.npy,pet,rear_right_side,real,1000,5,2026-09-20T07:16:42.729016+00:00
real_01429.npy,pet,rear_right_side,real,1000,5,2026-09-20T07:16:43.768130+00:00
real_01430.npy,pet,rear_right_side,real,1000,5,2026-09-20T07:16:44.863411+00:00
real_01431.npy,pet,rear_right_side,real,1000,5,2026-09-20T07:16:46.109086+00:00
real_01432.npy,pet,rear_right_side,real,1000,5,2026-09-20T07:16:47.543250+00:00
real_01433.npy,pet,rear_right_side,real,1000,5,2026-09-20T07:16:48.818727+00:00
real_01434.npy,pet,rear_right_side,real,1000,5,2026-09-20T07:16:50.058026+00:00
real_01435.npy,pet,rear_right_side,real,1000,5,2026-09-20T07:16:51.265349+00:00
real_01436.npy,pet,rear_right_side,real,1000,5,2026-09-20T07:16:52.435729+00:00
real_01437.npy,pet,rear_right_side,real,1000,5,2026-09-20T07:16:53.655181+00:00
real_01438.npy,pet,rear_right_side,real,1000,5,2026-09-20T07:16:55.048670+00:00
real_01439.npy,pet,rear_right_side,real,1000,5,2026-09-20T07:16:56.492101+00:00
real_01440.npy,pet,rear_top_butt,real,1000,5,2026-09-20T07:17:20.161390+00:00
real_01441.npy,pet,rear_top_butt,real,1000,5,2026-09-20T07:17:21.363316+00:00
real_01442.npy,pet,rear_top_butt,real,1000,5,2026-09-20T07:17:22.419165+00:00
real_01443.npy,pet,rear_top_butt,real,1000,5,2026-09-20T07:17:23.544171+00:00
real_01444.npy,pet,rear_top_butt,real,1000,5,2026-09-20T07:17:24.453119+00:00
real_01445.npy,pet,rear_top_butt,real,1000,5,2026-09-20T07:17:25.416015+00:00
real_01446.npy,pet,rear_top_butt,real,1000,5,2026-09-20T07:17:26.822033+00:00
real_01447.npy,pet,rear_top_butt,real,1000,5,2026-09-20T07:17:27.995791+00:00
real_01448.npy,pet,rear_top_butt,real,1000,5,2026-09-20T07:17:29.372978+00:00
real_01449.npy,pet,rear_top_butt,real,1000,5,2026-09-20T07:17:30.900267+00:00
real_01450.npy,pet,rear_top_butt,real,1000,5,2026-09-20T07:17:32.203428+00:00
real_01451.npy,pet,rear_top_butt,real,1000,5,2026-09-20T07:17:33.568940+00:00
real_01452.npy,pet,rear_top_butt,real,1000,5,2026-09-20T07:17:34.897863+00:00
real_01453.npy,pet,rear_top_butt,real,1000,5,2026-09-20T07:17:36.343985+00:00
real_01454.npy,pet,rear_top_butt,real,1000,5,2026-09-20T07:17:37.520445+00:00
real_01455.npy,pet,rear_top_butt,real,1000,5,2026-09-20T07:17:38.840420+00:00
real_01456.npy,pet,rear_top_butt,real,1000,5,2026-09-20T07:17:40.192984+00:00
real_01457.npy,pet,rear_top_butt,real,1000,5,2026-09-20T07:17:41.673865+00:00
real_01458.npy,pet,rear_top_butt,real,1000,5,2026-09-20T07:17:42.970120+00:00
real_01459.npy,pet,rear_top_butt,real,1000,5,2026-09-20T07:17:44.133443+00:00
real_01460.npy,pet,front_right_side,real,1000,5,2026-09-20T07:17:50.767447+00:00
real_01461.npy,pet,front_right_side,real,1000,5,2026-09-20T07:17:51.904642+00:00
real_01462.npy,pet,front_right_side,real,1000,5,2026-09-20T07:17:53.183046+00:00
real_01463.npy,pet,front_right_side,real,1000,5,2026-09-20T07:17:54.348999+00:00
real_01464.npy,pet,front_right_side,real,1000,5,2026-09-20T07:17:55.570616+00:00
real_01465.npy,pet,front_right_side,real,1000,5,2026-09-20T07:17:56.780497+00:00
real_01466.npy,pet,front_right_side,real,1000,5,2026-09-20T07:17:57.956468+00:00
real_01467.npy,pet,front_right_side,real,1000,5,2026-09-20T07:17:59.067283+00:00
real_01468.npy,pet,front_right_side,real,1000,5,2026-09-20T07:18:00.328357+00:00
real_01469.npy,pet,front_right_side,real,1000,5,2026-09-20T07:18:01.401349+00:00
real_01470.npy,pet,front_right_side,real,1000,5,2026-09-20T07:18:02.510629+00:00
real_01471.npy,pet,front_right_side,real,1000,5,2026-09-20T07:18:03.649153+00:00
real_01472.npy,pet,front_right_side,real,1000,5,2026-09-20T07:18:04.745357+00:00
real_01473.npy,pet,front_right_side,real,1000,5,2026-09-20T07:18:05.804047+00:00
real_01474.npy,pet,front_right_side,real,1000,5,2026-09-20T07:18:06.888101+00:00
real_01475.npy,pet,front_right_side,real,1000,5,2026-09-20T07:18:07.975255+00:00
real_01476.npy,pet,front_right_side,real,1000,5,2026-09-20T07:18:08.938302+00:00
real_01477.npy,pet,front_right_side,real,1000,5,2026-09-20T07:18:09.971789+00:00
real_01478.npy,pet,front_right_side,real,1000,5,2026-09-20T07:18:11.255146+00:00
real_01479.npy,pet,front_right_side,real,1000,5,2026-09-20T07:18:12.360101+00:00
real_01480.npy,pet,front_left_side,real,1000,5,2026-09-20T07:18:15.016353+00:00
real_01481.npy,pet,front_left_side,real,1000,5,2026-09-20T07:18:16.227221+00:00
real_01482.npy,pet,front_left_side,real,1000,5,2026-09-20T07:18:17.701624+00:00
real_01483.npy,pet,front_left_side,real,1000,5,2026-09-20T07:18:18.793253+00:00
real_01484.npy,pet,front_left_side,real,1000,5,2026-09-20T07:18:19.898515+00:00
real_01485.npy,pet,front_left_side,real,1000,5,2026-09-20T07:18:20.892910+00:00
real_01486.npy,pet,front_left_side,real,1000,5,2026-09-20T07:18:22.293994+00:00
real_01487.npy,pet,front_left_side,real,1000,5,2026-09-20T07:18:23.498851+00:00
real_01488.npy,pet,front_left_side,real,1000,5,2026-09-20T07:18:24.673211+00:00
real_01489.npy,pet,front_left_side,real,1000,5,2026-09-20T07:18:25.949073+00:00
real_01490.npy,pet,front_left_side,real,1000,5,2026-09-20T07:18:27.230085+00:00
real_01491.npy,pet,front_left_side,real,1000,5,2026-09-20T07:18:28.575092+00:00
real_01492.npy,pet,front_left_side,real,1000,5,2026-09-20T07:18:30.051971+00:00
real_01493.npy,pet,front_left_side,real,1000,5,2026-09-20T07:18:31.294080+00:00
real_01494.npy,pet,front_left_side,real,1000,5,2026-09-20T07:18:32.653290+00:00
real_01495.npy,pet,front_left_side,real,1000,5,2026-09-20T07:18:33.892154+00:00
real_01496.npy,pet,front_left_side,real,1000,5,2026-09-20T07:18:35.360238+00:00
real_01497.npy,pet,front_left_side,real,1000,5,2026-09-20T07:18:36.694210+00:00
real_01498.npy,pet,front_left_side,real,1000,5,2026-09-20T07:18:37.994478+00:00
real_01499.npy,pet,front_left_side,real,1000,5,2026-09-20T07:18:39.418336+00:00
real_01500.npy,no_touch,none,real,1000,5,2026-09-20T07:53:10.062972+00:00
real_01501.npy,no_touch,none,real,1000,5,2026-09-20T07:53:10.513819+00:00
real_01502.npy,no_touch,none,real,1000,5,2026-09-20T07:53:10.957568+00:00
real_01503.npy,no_touch,none,real,1000,5,2026-09-20T07:53:11.403074+00:00
real_01504.npy,no_touch,none,real,1000,5,2026-09-20T07:53:11.846954+00:00
real_01505.npy,no_touch,none,real,1000,5,2026-09-20T07:53:12.304774+00:00
real_01506.npy,no_touch,none,real,1000,5,2026-09-20T07:53:12.737460+00:00
real_01507.npy,no_touch,none,real,1000,5,2026-09-20T07:53:13.196331+00:00
real_01508.npy,no_touch,none,real,1000,5,2026-09-20T07:53:13.632357+00:00
real_01509.npy,no_touch,none,real,1000,5,2026-09-20T07:53:14.072041+00:00
real_01510.npy,no_touch,none,real,1000,5,2026-09-20T07:53:14.527060+00:00
real_01511.npy,no_touch,none,real,1000,5,2026-09-20T07:53:14.961449+00:00
real_01512.npy,no_touch,none,real,1000,5,2026-09-20T07:53:15.405533+00:00
real_01513.npy,no_touch,none,real,1000,5,2026-09-20T07:53:15.849014+00:00
real_01514.npy,no_touch,none,real,1000,5,2026-09-20T07:53:16.295141+00:00
real_01515.npy,no_touch,none,real,1000,5,2026-09-20T07:53:16.737307+00:00
real_01516.npy,no_touch,none,real,1000,5,2026-09-20T07:53:17.186431+00:00
real_01517.npy,no_touch,none,real,1000,5,2026-09-20T07:53:17.628852+00:00
real_01518.npy,no_touch,none,real,1000,5,2026-09-20T07:53:18.074789+00:00
real_01519.npy,no_touch,none,real,1000,5,2026-09-20T07:53:18.519420+00:00
real_01520.npy,no_touch,none,real,1000,5,2026-09-20T07:53:18.964008+00:00
real_01521.npy,no_touch,none,real,1000,5,2026-09-20T07:53:19.410692+00:00
real_01522.npy,no_touch,none,real,1000,5,2026-09-20T07:53:19.854214+00:00
real_01523.npy,no_touch,none,real,1000,5,2026-09-20T07:53:20.300276+00:00
real_01524.npy,no_touch,none,real,1000,5,2026-09-20T07:53:20.745350+00:00
real_01525.npy,no_touch,none,real,1000,5,2026-09-20T07:53:21.187224+00:00
real_01526.npy,no_touch,none,real,1000,5,2026-09-20T07:53:21.634748+00:00
real_01527.npy,no_touch,none,real,1000,5,2026-09-20T07:53:22.078481+00:00
real_01528.npy,no_touch,none,real,1000,5,2026-09-20T07:53:22.521937+00:00
real_01529.npy,no_touch,none,real,1000,5,2026-09-20T07:53:22.969671+00:00
real_01530.npy,no_touch,none,real,1000,5,2026-09-20T07:53:23.412218+00:00
real_01531.npy,no_touch,none,real,1000,5,2026-09-20T07:53:23.859399+00:00
real_01532.npy,no_touch,none,real,1000,5,2026-09-20T07:53:24.303389+00:00
real_01533.npy,no_touch,none,real,1000,5,2026-09-20T07:53:24.745736+00:00
real_01534.npy,no_touch,none,real,1000,5,2026-09-20T07:53:25.192450+00:00
real_01535.npy,no_touch,none,real,1000,5,2026-09-20T07:53:25.634847+00:00
real_01536.npy,no_touch,none,real,1000,5,2026-09-20T07:53:26.082155+00:00
real_01537.npy,no_touch,none,real,1000,5,2026-09-20T07:53:26.527546+00:00
real_01538.npy,no_touch,none,real,1000,5,2026-09-20T07:53:26.971373+00:00
real_01539.npy,no_touch,none,real,1000,5,2026-09-20T07:53:27.415546+00:00
real_01540.npy,no_touch,none,real,1000,5,2026-09-20T07:53:27.859722+00:00
real_01541.npy,no_touch,none,real,1000,5,2026-09-20T07:53:28.303612+00:00
real_01542.npy,no_touch,none,real,1000,5,2026-09-20T07:53:28.750905+00:00
real_01543.npy,no_touch,none,real,1000,5,2026-09-20T07:53:29.195435+00:00
real_01544.npy,no_touch,none,real,1000,5,2026-09-20T07:53:29.641293+00:00
real_01545.npy,no_touch,none,real,1000,5,2026-09-20T07:53:30.084512+00:00
real_01546.npy,no_touch,none,real,1000,5,2026-09-20T07:53:30.528101+00:00
real_01547.npy,no_touch,none,real,1000,5,2026-09-20T07:53:30.980451+00:00
real_01548.npy,no_touch,none,real,1000,5,2026-09-20T07:53:31.419254+00:00
real_01549.npy,no_touch,none,real,1000,5,2026-09-20T07:53:31.864078+00:00
real_01550.npy,no_touch,none,real,1000,5,2026-09-20T07:53:32.309395+00:00
real_01551.npy,no_touch,none,real,1000,5,2026-09-20T07:53:32.752215+00:00
real_01552.npy,no_touch,none,real,1000,5,2026-09-20T07:53:33.199601+00:00
real_01553.npy,no_touch,none,real,1000,5,2026-09-20T07:53:33.642888+00:00
real_01554.npy,no_touch,none,real,1000,5,2026-09-20T07:53:34.086862+00:00
real_01555.npy,no_touch,none,real,1000,5,2026-09-20T07:53:34.533543+00:00
real_01556.npy,no_touch,none,real,1000,5,2026-09-20T07:53:34.976044+00:00
real_01557.npy,no_touch,none,real,1000,5,2026-09-20T07:53:35.424330+00:00
real_01558.npy,no_touch,none,real,1000,5,2026-09-20T07:53:35.866695+00:00
real_01559.npy,no_touch,none,real,1000,5,2026-09-20T07:53:36.312591+00:00
real_01560.npy,no_touch,none,real,1000,5,2026-09-20T07:53:36.757090+00:00
real_01561.npy,no_touch,none,real,1000,5,2026-09-20T07:53:37.201051+00:00
real_01562.npy,no_touch,none,real,1000,5,2026-09-20T07:53:37.647731+00:00
real_01563.npy,no_touch,none,real,1000,5,2026-09-20T07:53:38.092459+00:00
real_01564.npy,no_touch,none,real,1000,5,2026-09-20T07:53:38.534985+00:00
real_01565.npy,no_touch,none,real,1000,5,2026-09-20T07:53:38.982464+00:00
real_01566.npy,no_touch,none,real,1000,5,2026-09-20T07:53:39.424985+00:00
real_01567.npy,no_touch,none,real,1000,5,2026-09-20T07:53:39.870808+00:00
real_01568.npy,no_touch,none,real,1000,5,2026-09-20T07:53:40.316972+00:00
real_01569.npy,no_touch,none,real,1000,5,2026-09-20T07:53:40.759327+00:00
real_01570.npy,no_touch,none,real,1000,5,2026-09-20T07:53:41.207017+00:00
real_01571.npy,no_touch,none,real,1000,5,2026-09-20T07:53:41.651648+00:00
real_01572.npy,no_touch,none,real,1000,5,2026-09-20T07:53:42.093938+00:00
real_01573.npy,no_touch,none,real,1000,5,2026-09-20T07:53:42.540400+00:00
real_01574.npy,no_touch,none,real,1000,5,2026-09-20T07:53:42.983274+00:00
real_01575.npy,no_touch,none,real,1000,5,2026-09-20T07:53:43.429684+00:00
real_01576.npy,no_touch,none,real,1000,5,2026-09-20T07:53:43.875570+00:00
real_01577.npy,no_touch,none,real,1000,5,2026-09-20T07:53:44.318583+00:00
real_01578.npy,no_touch,none,real,1000,5,2026-09-20T07:53:44.764178+00:00
real_01579.npy,no_touch,none,real,1000,5,2026-09-20T07:53:45.207501+00:00
real_01580.npy,no_touch,none,real,1000,5,2026-09-20T07:53:45.654118+00:00
real_01581.npy,no_touch,none,real,1000,5,2026-09-20T07:53:46.098139+00:00
real_01582.npy,no_touch,none,real,1000,5,2026-09-20T07:53:46.543244+00:00
real_01583.npy,no_touch,none,real,1000,5,2026-09-20T07:53:46.990330+00:00
real_01584.npy,no_touch,none,real,1000,5,2026-09-20T07:53:47.432822+00:00
real_01585.npy,no_touch,none,real,1000,5,2026-09-20T07:53:47.881953+00:00
real_01586.npy,no_touch,none,real,1000,5,2026-09-20T07:53:48.321089+00:00
real_01587.npy,no_touch,none,real,1000,5,2026-09-20T07:53:48.766438+00:00
real_01588.npy,no_touch,none,real,1000,5,2026-09-20T07:53:49.210876+00:00
real_01589.npy,no_touch,none,real,1000,5,2026-09-20T07:53:49.656881+00:00
real_01590.npy,no_touch,none,real,1000,5,2026-09-20T07:53:50.100196+00:00
real_01591.npy,no_touch,none,real,1000,5,2026-09-20T07:53:50.546540+00:00
real_01592.npy,no_touch,none,real,1000,5,2026-09-20T07:53:50.994072+00:00
real_01593.npy,no_touch,none,real,1000,5,2026-09-20T07:53:51.436527+00:00
real_01594.npy,no_touch,none,real,1000,5,2026-09-20T07:53:51.881837+00:00
real_01595.npy,no_touch,none,real,1000,5,2026-09-20T07:53:52.324757+00:00
real_01596.npy,no_touch,none,real,1000,5,2026-09-20T07:53:52.771541+00:00
real_01597.npy,no_touch,none,real,1000,5,2026-09-20T07:53:53.214805+00:00
real_01598.npy,no_touch,none,real,1000,5,2026-09-20T07:53:53.659862+00:00
real_01599.npy,no_touch,none,real,1000,5,2026-09-20T07:53:54.104538+00:00
